ANALYZE_STATUS	TABLE_SCHEMA	1	varchar(64)	YES		
ANALYZE_STATUS	TABLE_NAME	2	varchar(64)	YES		
ANALYZE_STATUS	PARTITION_NAME	3	varchar(64)	YES		
ANALYZE_STATUS	JOB_INFO	4	longtext	YES		
ANALYZE_STATUS	PROCESSED_ROWS	5	bigint unsigned	YES		
ANALYZE_STATUS	START_TIME	6	datetime	YES		
ANALYZE_STATUS	END_TIME	7	datetime	YES		
ANALYZE_STATUS	STATE	8	varchar(64)	YES		
ANALYZE_STATUS	FAIL_REASON	9	longtext	YES		
ANALYZE_STATUS	INSTANCE	10	varchar(512)	YES		
ANALYZE_STATUS	PROCESS_ID	11	bigint unsigned	YES		
ANALYZE_STATUS	REMAINING_SECONDS	12	varchar(512)	YES		
ANALYZE_STATUS	PROGRESS	13	double(22,6)	YES		
ANALYZE_STATUS	ESTIMATED_TOTAL_ROWS	14	bigint unsigned	YES		
ATTRIBUTES	ID	1	varchar(5)	NO		
ATTRIBUTES	TYPE	2	varchar(16)	NO		
ATTRIBUTES	ATTRIBUTES	3	varchar(5)	YES		
ATTRIBUTES	RANGES	4	text	YES		
CHARACTER_SETS	CHARACTER_SET_NAME	1	varchar(32)	YES		
CHARACTER_SETS	DEFAULT_COLLATE_NAME	2	varchar(32)	YES		
CHARACTER_SETS	DESCRIPTION	3	varchar(60)	YES		
CHARACTER_SETS	MAXLEN	4	bigint	YES		
CHECK_CONSTRAINTS	CONSTRAINT_CATALOG	1	varchar(64)	NO		
CHECK_CONSTRAINTS	CONSTRAINT_SCHEMA	2	varchar(64)	NO		
CHECK_CONSTRAINTS	CONSTRAINT_NAME	3	varchar(64)	NO		
CHECK_CONSTRAINTS	CHECK_CLAUSE	4	longtext	NO		
CLIENT_ERRORS_SUMMARY_BY_HOST	HOST	1	varchar(255)	NO		
CLIENT_ERRORS_SUMMARY_BY_HOST	ERROR_NUMBER	2	bigint	NO		
CLIENT_ERRORS_SUMMARY_BY_HOST	ERROR_MESSAGE	3	varchar(1024)	NO		
CLIENT_ERRORS_SUMMARY_BY_HOST	ERROR_COUNT	4	bigint	NO		
CLIENT_ERRORS_SUMMARY_BY_HOST	WARNING_COUNT	5	bigint	NO		
CLIENT_ERRORS_SUMMARY_BY_HOST	FIRST_SEEN	6	timestamp	YES		
CLIENT_ERRORS_SUMMARY_BY_HOST	LAST_SEEN	7	timestamp	YES		
CLIENT_ERRORS_SUMMARY_BY_USER	USER	1	varchar(64)	NO		
CLIENT_ERRORS_SUMMARY_BY_USER	ERROR_NUMBER	2	bigint	NO		
CLIENT_ERRORS_SUMMARY_BY_USER	ERROR_MESSAGE	3	varchar(1024)	NO		
CLIENT_ERRORS_SUMMARY_BY_USER	ERROR_COUNT	4	bigint	NO		
CLIENT_ERRORS_SUMMARY_BY_USER	WARNING_COUNT	5	bigint	NO		
CLIENT_ERRORS_SUMMARY_BY_USER	FIRST_SEEN	6	timestamp	YES		
CLIENT_ERRORS_SUMMARY_BY_USER	LAST_SEEN	7	timestamp	YES		
CLIENT_ERRORS_SUMMARY_GLOBAL	ERROR_NUMBER	1	bigint	NO		
CLIENT_ERRORS_SUMMARY_GLOBAL	ERROR_MESSAGE	2	varchar(1024)	NO		
CLIENT_ERRORS_SUMMARY_GLOBAL	ERROR_COUNT	3	bigint	NO		
CLIENT_ERRORS_SUMMARY_GLOBAL	WARNING_COUNT	4	bigint	NO		
CLIENT_ERRORS_SUMMARY_GLOBAL	FIRST_SEEN	5	timestamp	YES		
CLIENT_ERRORS_SUMMARY_GLOBAL	LAST_SEEN	6	timestamp	YES		
CLUSTER_CONFIG	TYPE	1	varchar(64)	YES		
CLUSTER_CONFIG	INSTANCE	2	varchar(64)	YES		
CLUSTER_CONFIG	KEY	3	varchar(256)	YES		
CLUSTER_CONFIG	VALUE	4	longtext	YES		
CLUSTER_DEADLOCKS	INSTANCE	1	varchar(64)	YES		
CLUSTER_DEADLOCKS	DEADLOCK_ID	2	bigint	NO		
CLUSTER_DEADLOCKS	OCCUR_TIME	3	timestamp(6)	YES		
CLUSTER_DEADLOCKS	RETRYABLE	4	tinyint(1)	NO		
CLUSTER_DEADLOCKS	TRY_LOCK_TRX_ID	5	bigint unsigned	NO		
CLUSTER_DEADLOCKS	CURRENT_SQL_DIGEST	6	varchar(64)	YES		
CLUSTER_DEADLOCKS	CURRENT_SQL_DIGEST_TEXT	7	text	YES		
CLUSTER_DEADLOCKS	KEY	8	text	YES		
CLUSTER_DEADLOCKS	KEY_INFO	9	text	YES		
CLUSTER_DEADLOCKS	TRX_HOLDING_LOCK	10	bigint unsigned	NO		
CLUSTER_HARDWARE	TYPE	1	varchar(64)	YES		
CLUSTER_HARDWARE	INSTANCE	2	varchar(64)	YES		
CLUSTER_HARDWARE	DEVICE_TYPE	3	varchar(64)	YES		
CLUSTER_HARDWARE	DEVICE_NAME	4	varchar(64)	YES		
CLUSTER_HARDWARE	NAME	5	varchar(256)	YES		
CLUSTER_HARDWARE	VALUE	6	varchar(128)	YES		
CLUSTER_INFO	TYPE	1	varchar(64)	YES		
CLUSTER_INFO	INSTANCE	2	varchar(64)	YES		
CLUSTER_INFO	STATUS_ADDRESS	3	varchar(64)	YES		
CLUSTER_INFO	VERSION	4	varchar(64)	YES		
CLUSTER_INFO	GIT_HASH	5	varchar(64)	YES		
CLUSTER_INFO	START_TIME	6	datetime	YES		
CLUSTER_INFO	UPTIME	7	varchar(32)	YES		
CLUSTER_INFO	SERVER_ID	8	bigint	YES		
CLUSTER_LOAD	TYPE	1	varchar(64)	YES		
CLUSTER_LOAD	INSTANCE	2	varchar(64)	YES		
CLUSTER_LOAD	DEVICE_TYPE	3	varchar(64)	YES		
CLUSTER_LOAD	DEVICE_NAME	4	varchar(64)	YES		
CLUSTER_LOAD	NAME	5	varchar(256)	YES		
CLUSTER_LOAD	VALUE	6	varchar(128)	YES		
CLUSTER_LOG	TIME	1	varchar(32)	YES		
CLUSTER_LOG	TYPE	2	varchar(64)	YES		
CLUSTER_LOG	INSTANCE	3	varchar(64)	YES		
CLUSTER_LOG	LEVEL	4	varchar(8)	YES		
CLUSTER_LOG	MESSAGE	5	longtext	YES		
CLUSTER_MEMORY_USAGE	INSTANCE	1	varchar(64)	YES		
CLUSTER_MEMORY_USAGE	MEMORY_TOTAL	2	bigint	NO		
CLUSTER_MEMORY_USAGE	MEMORY_LIMIT	3	bigint	NO		
CLUSTER_MEMORY_USAGE	MEMORY_CURRENT	4	bigint	NO		
CLUSTER_MEMORY_USAGE	MEMORY_MAX_USED	5	bigint	NO		
CLUSTER_MEMORY_USAGE	CURRENT_OPS	6	varchar(50)	YES		
CLUSTER_MEMORY_USAGE	SESSION_KILL_LAST	7	datetime	YES		
CLUSTER_MEMORY_USAGE	SESSION_KILL_TOTAL	8	bigint	NO		
CLUSTER_MEMORY_USAGE	GC_LAST	9	datetime	YES		
CLUSTER_MEMORY_USAGE	GC_TOTAL	10	bigint	NO		
CLUSTER_MEMORY_USAGE	DISK_USAGE	11	bigint	NO		
CLUSTER_MEMORY_USAGE	QUERY_FORCE_DISK	12	bigint	NO		
CLUSTER_MEMORY_USAGE_OPS_HISTORY	INSTANCE	1	varchar(64)	YES		
CLUSTER_MEMORY_USAGE_OPS_HISTORY	TIME	2	datetime	NO		
CLUSTER_MEMORY_USAGE_OPS_HISTORY	OPS	3	varchar(20)	NO		
CLUSTER_MEMORY_USAGE_OPS_HISTORY	MEMORY_LIMIT	4	bigint	NO		
CLUSTER_MEMORY_USAGE_OPS_HISTORY	MEMORY_CURRENT	5	bigint	NO		
CLUSTER_MEMORY_USAGE_OPS_HISTORY	PROCESSID	6	bigint unsigned	YES		
CLUSTER_MEMORY_USAGE_OPS_HISTORY	MEM	7	bigint unsigned	YES		
CLUSTER_MEMORY_USAGE_OPS_HISTORY	DISK	8	bigint unsigned	YES		
CLUSTER_MEMORY_USAGE_OPS_HISTORY	CLIENT	9	varchar(64)	YES		
CLUSTER_MEMORY_USAGE_OPS_HISTORY	DB	10	varchar(64)	YES		
CLUSTER_MEMORY_USAGE_OPS_HISTORY	USER	11	varchar(16)	YES		
CLUSTER_MEMORY_USAGE_OPS_HISTORY	SQL_DIGEST	12	varchar(64)	YES		
CLUSTER_MEMORY_USAGE_OPS_HISTORY	SQL_TEXT	13	varchar(256)	YES		
CLUSTER_PROCESSLIST	INSTANCE	1	varchar(64)	YES		
CLUSTER_PROCESSLIST	ID	2	bigint unsigned	NO		
CLUSTER_PROCESSLIST	USER	3	varchar(16)	NO		
CLUSTER_PROCESSLIST	HOST	4	varchar(64)	NO		
CLUSTER_PROCESSLIST	DB	5	varchar(64)	YES		
CLUSTER_PROCESSLIST	COMMAND	6	varchar(16)	NO		
CLUSTER_PROCESSLIST	TIME	7	int	NO		
CLUSTER_PROCESSLIST	STATE	8	varchar(7)	YES		
CLUSTER_PROCESSLIST	INFO	9	longtext	YES		
CLUSTER_PROCESSLIST	DIGEST	10	varchar(64)	YES		
CLUSTER_PROCESSLIST	MEM	11	bigint unsigned	YES		
CLUSTER_PROCESSLIST	DISK	12	bigint unsigned	YES		
CLUSTER_PROCESSLIST	TxnStart	13	varchar(64)	NO		
CLUSTER_PROCESSLIST	RESOURCE_GROUP	14	varchar(32)	NO		
CLUSTER_PROCESSLIST	SESSION_ALIAS	15	varchar(64)	NO		
CLUSTER_PROCESSLIST	ROWS_AFFECTED	16	bigint unsigned	YES		
CLUSTER_PROCESSLIST	TIDB_CPU	17	bigint	NO		
CLUSTER_PROCESSLIST	TIKV_CPU	18	bigint	NO		
CLUSTER_SLOW_QUERY	INSTANCE	1	varchar(64)	YES		
CLUSTER_SLOW_QUERY	Time	2	timestamp(6)	NO	PRI	
CLUSTER_SLOW_QUERY	Txn_start_ts	3	bigint unsigned	YES		
CLUSTER_SLOW_QUERY	User	4	varchar(64)	YES		
CLUSTER_SLOW_QUERY	Host	5	varchar(64)	YES		
CLUSTER_SLOW_QUERY	Conn_ID	6	bigint unsigned	YES		
CLUSTER_SLOW_QUERY	Session_alias	7	varchar(64)	YES		
CLUSTER_SLOW_QUERY	Exec_retry_count	8	bigint unsigned	YES		
CLUSTER_SLOW_QUERY	Exec_retry_time	9	double	YES		
CLUSTER_SLOW_QUERY	Query_time	10	double	YES		
CLUSTER_SLOW_QUERY	Parse_time	11	double	YES		
CLUSTER_SLOW_QUERY	Compile_time	12	double	YES		
CLUSTER_SLOW_QUERY	Rewrite_time	13	double	YES		
CLUSTER_SLOW_QUERY	Preproc_subqueries	14	bigint unsigned	YES		
CLUSTER_SLOW_QUERY	Preproc_subqueries_time	15	double	YES		
CLUSTER_SLOW_QUERY	Optimize_time	16	double	YES		
CLUSTER_SLOW_QUERY	Wait_TS	17	double	YES		
CLUSTER_SLOW_QUERY	Prewrite_time	18	double	YES		
CLUSTER_SLOW_QUERY	Wait_prewrite_binlog_time	19	double	YES		
CLUSTER_SLOW_QUERY	Commit_time	20	double	YES		
CLUSTER_SLOW_QUERY	Get_commit_ts_time	21	double	YES		
CLUSTER_SLOW_QUERY	Commit_backoff_time	22	double	YES		
CLUSTER_SLOW_QUERY	Backoff_types	23	varchar(64)	YES		
CLUSTER_SLOW_QUERY	Resolve_lock_time	24	double	YES		
CLUSTER_SLOW_QUERY	Local_latch_wait_time	25	double	YES		
CLUSTER_SLOW_QUERY	Write_keys	26	bigint	YES		
CLUSTER_SLOW_QUERY	Write_size	27	bigint	YES		
CLUSTER_SLOW_QUERY	Prewrite_region	28	bigint	YES		
CLUSTER_SLOW_QUERY	Txn_retry	29	bigint	YES		
CLUSTER_SLOW_QUERY	Cop_time	30	double	YES		
CLUSTER_SLOW_QUERY	Process_time	31	double	YES		
CLUSTER_SLOW_QUERY	Wait_time	32	double	YES		
CLUSTER_SLOW_QUERY	Backoff_time	33	double	YES		
CLUSTER_SLOW_QUERY	LockKeys_time	34	double	YES		
CLUSTER_SLOW_QUERY	Request_count	35	bigint unsigned	YES		
CLUSTER_SLOW_QUERY	Total_keys	36	bigint unsigned	YES		
CLUSTER_SLOW_QUERY	Process_keys	37	bigint unsigned	YES		
CLUSTER_SLOW_QUERY	Rocksdb_delete_skipped_count	38	bigint unsigned	YES		
CLUSTER_SLOW_QUERY	Rocksdb_key_skipped_count	39	bigint unsigned	YES		
CLUSTER_SLOW_QUERY	Rocksdb_block_cache_hit_count	40	bigint unsigned	YES		
CLUSTER_SLOW_QUERY	Rocksdb_block_read_count	41	bigint unsigned	YES		
CLUSTER_SLOW_QUERY	Rocksdb_block_read_byte	42	bigint unsigned	YES		
CLUSTER_SLOW_QUERY	DB	43	varchar(64)	YES		
CLUSTER_SLOW_QUERY	Index_names	44	varchar(100)	YES		
CLUSTER_SLOW_QUERY	Is_internal	45	tinyint(1)	YES		
CLUSTER_SLOW_QUERY	Digest	46	varchar(64)	YES		
CLUSTER_SLOW_QUERY	Stats	47	varchar(512)	YES		
CLUSTER_SLOW_QUERY	Cop_proc_avg	48	double	YES		
CLUSTER_SLOW_QUERY	Cop_proc_p90	49	double	YES		
CLUSTER_SLOW_QUERY	Cop_proc_max	50	double	YES		
CLUSTER_SLOW_QUERY	Cop_proc_addr	51	varchar(64)	YES		
CLUSTER_SLOW_QUERY	Cop_wait_avg	52	double	YES		
CLUSTER_SLOW_QUERY	Cop_wait_p90	53	double	YES		
CLUSTER_SLOW_QUERY	Cop_wait_max	54	double	YES		
CLUSTER_SLOW_QUERY	Cop_wait_addr	55	varchar(64)	YES		
CLUSTER_SLOW_QUERY	Mem_max	56	bigint	YES		
CLUSTER_SLOW_QUERY	Disk_max	57	bigint	YES		
CLUSTER_SLOW_QUERY	KV_total	58	double	YES		
CLUSTER_SLOW_QUERY	PD_total	59	double	YES		
CLUSTER_SLOW_QUERY	Backoff_total	60	double	YES		
CLUSTER_SLOW_QUERY	Write_sql_response_total	61	double	YES		
CLUSTER_SLOW_QUERY	Result_rows	62	bigint	YES		
CLUSTER_SLOW_QUERY	Warnings	63	longtext	YES		
CLUSTER_SLOW_QUERY	Backoff_Detail	64	varchar(4096)	YES		
CLUSTER_SLOW_QUERY	Prepared	65	tinyint(1)	YES		
CLUSTER_SLOW_QUERY	Succ	66	tinyint(1)	YES		
CLUSTER_SLOW_QUERY	IsExplicitTxn	67	tinyint(1)	YES		
CLUSTER_SLOW_QUERY	IsWriteCacheTable	68	tinyint(1)	YES		
CLUSTER_SLOW_QUERY	Plan_from_cache	69	tinyint(1)	YES		
CLUSTER_SLOW_QUERY	Plan_from_binding	70	tinyint(1)	YES		
CLUSTER_SLOW_QUERY	Has_more_results	71	tinyint(1)	YES		
CLUSTER_SLOW_QUERY	Resource_group	72	varchar(64)	YES		
CLUSTER_SLOW_QUERY	Request_unit_read	73	double	YES		
CLUSTER_SLOW_QUERY	Request_unit_write	74	double	YES		
CLUSTER_SLOW_QUERY	Time_queued_by_rc	75	double	YES		
CLUSTER_SLOW_QUERY	Tidb_cpu_time	76	double	YES		
CLUSTER_SLOW_QUERY	Tikv_cpu_time	77	double	YES		
CLUSTER_SLOW_QUERY	Plan	78	longtext	YES		
CLUSTER_SLOW_QUERY	Plan_digest	79	varchar(128)	YES		
CLUSTER_SLOW_QUERY	Binary_plan	80	longtext	YES		
CLUSTER_SLOW_QUERY	Prev_stmt	81	longtext	YES		
CLUSTER_SLOW_QUERY	Query	82	longtext	YES		
CLUSTER_STATEMENTS_SUMMARY	INSTANCE	1	varchar(64)	YES		
CLUSTER_STATEMENTS_SUMMARY	SUMMARY_BEGIN_TIME	2	timestamp	NO		
CLUSTER_STATEMENTS_SUMMARY	SUMMARY_END_TIME	3	timestamp	NO		
CLUSTER_STATEMENTS_SUMMARY	STMT_TYPE	4	varchar(64)	NO		
CLUSTER_STATEMENTS_SUMMARY	SCHEMA_NAME	5	varchar(64)	YES		
CLUSTER_STATEMENTS_SUMMARY	DIGEST	6	varchar(64)	YES		
CLUSTER_STATEMENTS_SUMMARY	DIGEST_TEXT	7	text	NO		
CLUSTER_STATEMENTS_SUMMARY	TABLE_NAMES	8	text	YES		
CLUSTER_STATEMENTS_SUMMARY	INDEX_NAMES	9	text	YES		
CLUSTER_STATEMENTS_SUMMARY	SAMPLE_USER	10	varchar(64)	YES		
CLUSTER_STATEMENTS_SUMMARY	EXEC_COUNT	11	bigint unsigned	NO		
CLUSTER_STATEMENTS_SUMMARY	SUM_ERRORS	12	int unsigned	NO		
CLUSTER_STATEMENTS_SUMMARY	SUM_WARNINGS	13	int unsigned	NO		
CLUSTER_STATEMENTS_SUMMARY	SUM_LATENCY	14	bigint unsigned	NO		
CLUSTER_STATEMENTS_SUMMARY	MAX_LATENCY	15	bigint unsigned	NO		
CLUSTER_STATEMENTS_SUMMARY	MIN_LATENCY	16	bigint unsigned	NO		
CLUSTER_STATEMENTS_SUMMARY	AVG_LATENCY	17	bigint unsigned	NO		
CLUSTER_STATEMENTS_SUMMARY	AVG_PARSE_LATENCY	18	bigint unsigned	NO		
CLUSTER_STATEMENTS_SUMMARY	MAX_PARSE_LATENCY	19	bigint unsigned	NO		
CLUSTER_STATEMENTS_SUMMARY	AVG_COMPILE_LATENCY	20	bigint unsigned	NO		
CLUSTER_STATEMENTS_SUMMARY	MAX_COMPILE_LATENCY	21	bigint unsigned	NO		
CLUSTER_STATEMENTS_SUMMARY	SUM_COP_TASK_NUM	22	bigint unsigned	NO		
CLUSTER_STATEMENTS_SUMMARY	MAX_COP_PROCESS_TIME	23	bigint unsigned	NO		
CLUSTER_STATEMENTS_SUMMARY	MAX_COP_PROCESS_ADDRESS	24	varchar(256)	YES		
CLUSTER_STATEMENTS_SUMMARY	MAX_COP_WAIT_TIME	25	bigint unsigned	NO		
CLUSTER_STATEMENTS_SUMMARY	MAX_COP_WAIT_ADDRESS	26	varchar(256)	YES		
CLUSTER_STATEMENTS_SUMMARY	AVG_PROCESS_TIME	27	bigint unsigned	NO		
CLUSTER_STATEMENTS_SUMMARY	MAX_PROCESS_TIME	28	bigint unsigned	NO		
CLUSTER_STATEMENTS_SUMMARY	AVG_WAIT_TIME	29	bigint unsigned	NO		
CLUSTER_STATEMENTS_SUMMARY	MAX_WAIT_TIME	30	bigint unsigned	NO		
CLUSTER_STATEMENTS_SUMMARY	AVG_BACKOFF_TIME	31	bigint unsigned	NO		
CLUSTER_STATEMENTS_SUMMARY	MAX_BACKOFF_TIME	32	bigint unsigned	NO		
CLUSTER_STATEMENTS_SUMMARY	AVG_TOTAL_KEYS	33	bigint unsigned	NO		
CLUSTER_STATEMENTS_SUMMARY	MAX_TOTAL_KEYS	34	bigint unsigned	NO		
CLUSTER_STATEMENTS_SUMMARY	AVG_PROCESSED_KEYS	35	bigint unsigned	NO		
CLUSTER_STATEMENTS_SUMMARY	MAX_PROCESSED_KEYS	36	bigint unsigned	NO		
CLUSTER_STATEMENTS_SUMMARY	AVG_ROCKSDB_DELETE_SKIPPED_COUNT	37	double unsigned	NO		
CLUSTER_STATEMENTS_SUMMARY	MAX_ROCKSDB_DELETE_SKIPPED_COUNT	38	int unsigned	NO		
CLUSTER_STATEMENTS_SUMMARY	AVG_ROCKSDB_KEY_SKIPPED_COUNT	39	double unsigned	NO		
CLUSTER_STATEMENTS_SUMMARY	MAX_ROCKSDB_KEY_SKIPPED_COUNT	40	int unsigned	NO		
CLUSTER_STATEMENTS_SUMMARY	AVG_ROCKSDB_BLOCK_CACHE_HIT_COUNT	41	double unsigned	NO		
CLUSTER_STATEMENTS_SUMMARY	MAX_ROCKSDB_BLOCK_CACHE_HIT_COUNT	42	int unsigned	NO		
CLUSTER_STATEMENTS_SUMMARY	AVG_ROCKSDB_BLOCK_READ_COUNT	43	double unsigned	NO		
CLUSTER_STATEMENTS_SUMMARY	MAX_ROCKSDB_BLOCK_READ_COUNT	44	int unsigned	NO		
CLUSTER_STATEMENTS_SUMMARY	AVG_ROCKSDB_BLOCK_READ_BYTE	45	double unsigned	NO		
CLUSTER_STATEMENTS_SUMMARY	MAX_ROCKSDB_BLOCK_READ_BYTE	46	int unsigned	NO		
CLUSTER_STATEMENTS_SUMMARY	AVG_PREWRITE_TIME	47	bigint unsigned	NO		
CLUSTER_STATEMENTS_SUMMARY	MAX_PREWRITE_TIME	48	bigint unsigned	NO		
CLUSTER_STATEMENTS_SUMMARY	AVG_COMMIT_TIME	49	bigint unsigned	NO		
CLUSTER_STATEMENTS_SUMMARY	MAX_COMMIT_TIME	50	bigint unsigned	NO		
CLUSTER_STATEMENTS_SUMMARY	AVG_GET_COMMIT_TS_TIME	51	bigint unsigned	NO		
CLUSTER_STATEMENTS_SUMMARY	MAX_GET_COMMIT_TS_TIME	52	bigint unsigned	NO		
CLUSTER_STATEMENTS_SUMMARY	AVG_COMMIT_BACKOFF_TIME	53	bigint unsigned	NO		
CLUSTER_STATEMENTS_SUMMARY	MAX_COMMIT_BACKOFF_TIME	54	bigint unsigned	NO		
CLUSTER_STATEMENTS_SUMMARY	AVG_RESOLVE_LOCK_TIME	55	bigint unsigned	NO		
CLUSTER_STATEMENTS_SUMMARY	MAX_RESOLVE_LOCK_TIME	56	bigint unsigned	NO		
CLUSTER_STATEMENTS_SUMMARY	AVG_LOCAL_LATCH_WAIT_TIME	57	bigint unsigned	NO		
CLUSTER_STATEMENTS_SUMMARY	MAX_LOCAL_LATCH_WAIT_TIME	58	bigint unsigned	NO		
CLUSTER_STATEMENTS_SUMMARY	AVG_WRITE_KEYS	59	double unsigned	NO		
CLUSTER_STATEMENTS_SUMMARY	MAX_WRITE_KEYS	60	bigint unsigned	NO		
CLUSTER_STATEMENTS_SUMMARY	AVG_WRITE_SIZE	61	double unsigned	NO		
CLUSTER_STATEMENTS_SUMMARY	MAX_WRITE_SIZE	62	bigint unsigned	NO		
CLUSTER_STATEMENTS_SUMMARY	AVG_PREWRITE_REGIONS	63	double unsigned	NO		
CLUSTER_STATEMENTS_SUMMARY	MAX_PREWRITE_REGIONS	64	int unsigned	NO		
CLUSTER_STATEMENTS_SUMMARY	AVG_TXN_RETRY	65	double unsigned	NO		
CLUSTER_STATEMENTS_SUMMARY	MAX_TXN_RETRY	66	int unsigned	NO		
CLUSTER_STATEMENTS_SUMMARY	SUM_EXEC_RETRY	67	bigint unsigned	NO		
CLUSTER_STATEMENTS_SUMMARY	SUM_EXEC_RETRY_TIME	68	bigint unsigned	NO		
CLUSTER_STATEMENTS_SUMMARY	SUM_BACKOFF_TIMES	69	bigint unsigned	NO		
CLUSTER_STATEMENTS_SUMMARY	BACKOFF_TYPES	70	varchar(1024)	YES		
CLUSTER_STATEMENTS_SUMMARY	AVG_MEM	71	bigint unsigned	NO		
CLUSTER_STATEMENTS_SUMMARY	MAX_MEM	72	bigint unsigned	NO		
CLUSTER_STATEMENTS_SUMMARY	AVG_DISK	73	bigint unsigned	NO		
CLUSTER_STATEMENTS_SUMMARY	MAX_DISK	74	bigint unsigned	NO		
CLUSTER_STATEMENTS_SUMMARY	AVG_KV_TIME	75	bigint unsigned	NO		
CLUSTER_STATEMENTS_SUMMARY	AVG_PD_TIME	76	bigint unsigned	NO		
CLUSTER_STATEMENTS_SUMMARY	AVG_BACKOFF_TOTAL_TIME	77	bigint unsigned	NO		
CLUSTER_STATEMENTS_SUMMARY	AVG_WRITE_SQL_RESP_TIME	78	bigint unsigned	NO		
CLUSTER_STATEMENTS_SUMMARY	AVG_TIDB_CPU_TIME	79	bigint unsigned	NO		
CLUSTER_STATEMENTS_SUMMARY	AVG_TIKV_CPU_TIME	80	bigint unsigned	NO		
CLUSTER_STATEMENTS_SUMMARY	MAX_RESULT_ROWS	81	bigint	NO		
CLUSTER_STATEMENTS_SUMMARY	MIN_RESULT_ROWS	82	bigint	NO		
CLUSTER_STATEMENTS_SUMMARY	AVG_RESULT_ROWS	83	bigint	NO		
CLUSTER_STATEMENTS_SUMMARY	PREPARED	84	tinyint(1)	NO		
CLUSTER_STATEMENTS_SUMMARY	AVG_AFFECTED_ROWS	85	double unsigned	NO		
CLUSTER_STATEMENTS_SUMMARY	FIRST_SEEN	86	timestamp	NO		
CLUSTER_STATEMENTS_SUMMARY	LAST_SEEN	87	timestamp	NO		
CLUSTER_STATEMENTS_SUMMARY	PLAN_IN_CACHE	88	tinyint(1)	NO		
CLUSTER_STATEMENTS_SUMMARY	PLAN_CACHE_HITS	89	bigint	NO		
CLUSTER_STATEMENTS_SUMMARY	PLAN_IN_BINDING	90	tinyint(1)	NO		
CLUSTER_STATEMENTS_SUMMARY	QUERY_SAMPLE_TEXT	91	text	YES		
CLUSTER_STATEMENTS_SUMMARY	PREV_SAMPLE_TEXT	92	text	YES		
CLUSTER_STATEMENTS_SUMMARY	PLAN_DIGEST	93	varchar(64)	YES		
CLUSTER_STATEMENTS_SUMMARY	PLAN	94	text	YES		
CLUSTER_STATEMENTS_SUMMARY	BINARY_PLAN	95	text	YES		
CLUSTER_STATEMENTS_SUMMARY	CHARSET	96	varchar(64)	YES		
CLUSTER_STATEMENTS_SUMMARY	COLLATION	97	varchar(64)	YES		
CLUSTER_STATEMENTS_SUMMARY	PLAN_HINT	98	varchar(64)	YES		
CLUSTER_STATEMENTS_SUMMARY	MAX_REQUEST_UNIT_READ	99	double unsigned	NO		
CLUSTER_STATEMENTS_SUMMARY	AVG_REQUEST_UNIT_READ	100	double unsigned	NO		
CLUSTER_STATEMENTS_SUMMARY	MAX_REQUEST_UNIT_WRITE	101	double unsigned	NO		
CLUSTER_STATEMENTS_SUMMARY	AVG_REQUEST_UNIT_WRITE	102	double unsigned	NO		
CLUSTER_STATEMENTS_SUMMARY	MAX_QUEUED_RC_TIME	103	bigint unsigned	NO		
CLUSTER_STATEMENTS_SUMMARY	AVG_QUEUED_RC_TIME	104	bigint unsigned	NO		
CLUSTER_STATEMENTS_SUMMARY	RESOURCE_GROUP	105	varchar(64)	YES		
CLUSTER_STATEMENTS_SUMMARY	PLAN_CACHE_UNQUALIFIED	106	bigint	NO		
CLUSTER_STATEMENTS_SUMMARY	PLAN_CACHE_UNQUALIFIED_LAST_REASON	107	text	YES		
CLUSTER_STATEMENTS_SUMMARY_EVICTED	INSTANCE	1	varchar(64)	YES		
CLUSTER_STATEMENTS_SUMMARY_EVICTED	BEGIN_TIME	2	timestamp	YES		
CLUSTER_STATEMENTS_SUMMARY_EVICTED	END_TIME	3	timestamp	YES		
CLUSTER_STATEMENTS_SUMMARY_EVICTED	EVICTED_COUNT	4	bigint	NO		
CLUSTER_STATEMENTS_SUMMARY_HISTORY	INSTANCE	1	varchar(64)	YES		
CLUSTER_STATEMENTS_SUMMARY_HISTORY	SUMMARY_BEGIN_TIME	2	timestamp	NO		
CLUSTER_STATEMENTS_SUMMARY_HISTORY	SUMMARY_END_TIME	3	timestamp	NO		
CLUSTER_STATEMENTS_SUMMARY_HISTORY	STMT_TYPE	4	varchar(64)	NO		
CLUSTER_STATEMENTS_SUMMARY_HISTORY	SCHEMA_NAME	5	varchar(64)	YES		
CLUSTER_STATEMENTS_SUMMARY_HISTORY	DIGEST	6	varchar(64)	YES		
CLUSTER_STATEMENTS_SUMMARY_HISTORY	DIGEST_TEXT	7	text	NO		
CLUSTER_STATEMENTS_SUMMARY_HISTORY	TABLE_NAMES	8	text	YES		
CLUSTER_STATEMENTS_SUMMARY_HISTORY	INDEX_NAMES	9	text	YES		
CLUSTER_STATEMENTS_SUMMARY_HISTORY	SAMPLE_USER	10	varchar(64)	YES		
CLUSTER_STATEMENTS_SUMMARY_HISTORY	EXEC_COUNT	11	bigint unsigned	NO		
CLUSTER_STATEMENTS_SUMMARY_HISTORY	SUM_ERRORS	12	int unsigned	NO		
CLUSTER_STATEMENTS_SUMMARY_HISTORY	SUM_WARNINGS	13	int unsigned	NO		
CLUSTER_STATEMENTS_SUMMARY_HISTORY	SUM_LATENCY	14	bigint unsigned	NO		
CLUSTER_STATEMENTS_SUMMARY_HISTORY	MAX_LATENCY	15	bigint unsigned	NO		
CLUSTER_STATEMENTS_SUMMARY_HISTORY	MIN_LATENCY	16	bigint unsigned	NO		
CLUSTER_STATEMENTS_SUMMARY_HISTORY	AVG_LATENCY	17	bigint unsigned	NO		
CLUSTER_STATEMENTS_SUMMARY_HISTORY	AVG_PARSE_LATENCY	18	bigint unsigned	NO		
CLUSTER_STATEMENTS_SUMMARY_HISTORY	MAX_PARSE_LATENCY	19	bigint unsigned	NO		
CLUSTER_STATEMENTS_SUMMARY_HISTORY	AVG_COMPILE_LATENCY	20	bigint unsigned	NO		
CLUSTER_STATEMENTS_SUMMARY_HISTORY	MAX_COMPILE_LATENCY	21	bigint unsigned	NO		
CLUSTER_STATEMENTS_SUMMARY_HISTORY	SUM_COP_TASK_NUM	22	bigint unsigned	NO		
CLUSTER_STATEMENTS_SUMMARY_HISTORY	MAX_COP_PROCESS_TIME	23	bigint unsigned	NO		
CLUSTER_STATEMENTS_SUMMARY_HISTORY	MAX_COP_PROCESS_ADDRESS	24	varchar(256)	YES		
CLUSTER_STATEMENTS_SUMMARY_HISTORY	MAX_COP_WAIT_TIME	25	bigint unsigned	NO		
CLUSTER_STATEMENTS_SUMMARY_HISTORY	MAX_COP_WAIT_ADDRESS	26	varchar(256)	YES		
CLUSTER_STATEMENTS_SUMMARY_HISTORY	AVG_PROCESS_TIME	27	bigint unsigned	NO		
CLUSTER_STATEMENTS_SUMMARY_HISTORY	MAX_PROCESS_TIME	28	bigint unsigned	NO		
CLUSTER_STATEMENTS_SUMMARY_HISTORY	AVG_WAIT_TIME	29	bigint unsigned	NO		
CLUSTER_STATEMENTS_SUMMARY_HISTORY	MAX_WAIT_TIME	30	bigint unsigned	NO		
CLUSTER_STATEMENTS_SUMMARY_HISTORY	AVG_BACKOFF_TIME	31	bigint unsigned	NO		
CLUSTER_STATEMENTS_SUMMARY_HISTORY	MAX_BACKOFF_TIME	32	bigint unsigned	NO		
CLUSTER_STATEMENTS_SUMMARY_HISTORY	AVG_TOTAL_KEYS	33	bigint unsigned	NO		
CLUSTER_STATEMENTS_SUMMARY_HISTORY	MAX_TOTAL_KEYS	34	bigint unsigned	NO		
CLUSTER_STATEMENTS_SUMMARY_HISTORY	AVG_PROCESSED_KEYS	35	bigint unsigned	NO		
CLUSTER_STATEMENTS_SUMMARY_HISTORY	MAX_PROCESSED_KEYS	36	bigint unsigned	NO		
CLUSTER_STATEMENTS_SUMMARY_HISTORY	AVG_ROCKSDB_DELETE_SKIPPED_COUNT	37	double unsigned	NO		
CLUSTER_STATEMENTS_SUMMARY_HISTORY	MAX_ROCKSDB_DELETE_SKIPPED_COUNT	38	int unsigned	NO		
CLUSTER_STATEMENTS_SUMMARY_HISTORY	AVG_ROCKSDB_KEY_SKIPPED_COUNT	39	double unsigned	NO		
CLUSTER_STATEMENTS_SUMMARY_HISTORY	MAX_ROCKSDB_KEY_SKIPPED_COUNT	40	int unsigned	NO		
CLUSTER_STATEMENTS_SUMMARY_HISTORY	AVG_ROCKSDB_BLOCK_CACHE_HIT_COUNT	41	double unsigned	NO		
CLUSTER_STATEMENTS_SUMMARY_HISTORY	MAX_ROCKSDB_BLOCK_CACHE_HIT_COUNT	42	int unsigned	NO		
CLUSTER_STATEMENTS_SUMMARY_HISTORY	AVG_ROCKSDB_BLOCK_READ_COUNT	43	double unsigned	NO		
CLUSTER_STATEMENTS_SUMMARY_HISTORY	MAX_ROCKSDB_BLOCK_READ_COUNT	44	int unsigned	NO		
CLUSTER_STATEMENTS_SUMMARY_HISTORY	AVG_ROCKSDB_BLOCK_READ_BYTE	45	double unsigned	NO		
CLUSTER_STATEMENTS_SUMMARY_HISTORY	MAX_ROCKSDB_BLOCK_READ_BYTE	46	int unsigned	NO		
CLUSTER_STATEMENTS_SUMMARY_HISTORY	AVG_PREWRITE_TIME	47	bigint unsigned	NO		
CLUSTER_STATEMENTS_SUMMARY_HISTORY	MAX_PREWRITE_TIME	48	bigint unsigned	NO		
CLUSTER_STATEMENTS_SUMMARY_HISTORY	AVG_COMMIT_TIME	49	bigint unsigned	NO		
CLUSTER_STATEMENTS_SUMMARY_HISTORY	MAX_COMMIT_TIME	50	bigint unsigned	NO		
CLUSTER_STATEMENTS_SUMMARY_HISTORY	AVG_GET_COMMIT_TS_TIME	51	bigint unsigned	NO		
CLUSTER_STATEMENTS_SUMMARY_HISTORY	MAX_GET_COMMIT_TS_TIME	52	bigint unsigned	NO		
CLUSTER_STATEMENTS_SUMMARY_HISTORY	AVG_COMMIT_BACKOFF_TIME	53	bigint unsigned	NO		
CLUSTER_STATEMENTS_SUMMARY_HISTORY	MAX_COMMIT_BACKOFF_TIME	54	bigint unsigned	NO		
CLUSTER_STATEMENTS_SUMMARY_HISTORY	AVG_RESOLVE_LOCK_TIME	55	bigint unsigned	NO		
CLUSTER_STATEMENTS_SUMMARY_HISTORY	MAX_RESOLVE_LOCK_TIME	56	bigint unsigned	NO		
CLUSTER_STATEMENTS_SUMMARY_HISTORY	AVG_LOCAL_LATCH_WAIT_TIME	57	bigint unsigned	NO		
CLUSTER_STATEMENTS_SUMMARY_HISTORY	MAX_LOCAL_LATCH_WAIT_TIME	58	bigint unsigned	NO		
CLUSTER_STATEMENTS_SUMMARY_HISTORY	AVG_WRITE_KEYS	59	double unsigned	NO		
CLUSTER_STATEMENTS_SUMMARY_HISTORY	MAX_WRITE_KEYS	60	bigint unsigned	NO		
CLUSTER_STATEMENTS_SUMMARY_HISTORY	AVG_WRITE_SIZE	61	double unsigned	NO		
CLUSTER_STATEMENTS_SUMMARY_HISTORY	MAX_WRITE_SIZE	62	bigint unsigned	NO		
CLUSTER_STATEMENTS_SUMMARY_HISTORY	AVG_PREWRITE_REGIONS	63	double unsigned	NO		
CLUSTER_STATEMENTS_SUMMARY_HISTORY	MAX_PREWRITE_REGIONS	64	int unsigned	NO		
CLUSTER_STATEMENTS_SUMMARY_HISTORY	AVG_TXN_RETRY	65	double unsigned	NO		
CLUSTER_STATEMENTS_SUMMARY_HISTORY	MAX_TXN_RETRY	66	int unsigned	NO		
CLUSTER_STATEMENTS_SUMMARY_HISTORY	SUM_EXEC_RETRY	67	bigint unsigned	NO		
CLUSTER_STATEMENTS_SUMMARY_HISTORY	SUM_EXEC_RETRY_TIME	68	bigint unsigned	NO		
CLUSTER_STATEMENTS_SUMMARY_HISTORY	SUM_BACKOFF_TIMES	69	bigint unsigned	NO		
CLUSTER_STATEMENTS_SUMMARY_HISTORY	BACKOFF_TYPES	70	varchar(1024)	YES		
CLUSTER_STATEMENTS_SUMMARY_HISTORY	AVG_MEM	71	bigint unsigned	NO		
CLUSTER_STATEMENTS_SUMMARY_HISTORY	MAX_MEM	72	bigint unsigned	NO		
CLUSTER_STATEMENTS_SUMMARY_HISTORY	AVG_DISK	73	bigint unsigned	NO		
CLUSTER_STATEMENTS_SUMMARY_HISTORY	MAX_DISK	74	bigint unsigned	NO		
CLUSTER_STATEMENTS_SUMMARY_HISTORY	AVG_KV_TIME	75	bigint unsigned	NO		
CLUSTER_STATEMENTS_SUMMARY_HISTORY	AVG_PD_TIME	76	bigint unsigned	NO		
CLUSTER_STATEMENTS_SUMMARY_HISTORY	AVG_BACKOFF_TOTAL_TIME	77	bigint unsigned	NO		
CLUSTER_STATEMENTS_SUMMARY_HISTORY	AVG_WRITE_SQL_RESP_TIME	78	bigint unsigned	NO		
CLUSTER_STATEMENTS_SUMMARY_HISTORY	AVG_TIDB_CPU_TIME	79	bigint unsigned	NO		
CLUSTER_STATEMENTS_SUMMARY_HISTORY	AVG_TIKV_CPU_TIME	80	bigint unsigned	NO		
CLUSTER_STATEMENTS_SUMMARY_HISTORY	MAX_RESULT_ROWS	81	bigint	NO		
CLUSTER_STATEMENTS_SUMMARY_HISTORY	MIN_RESULT_ROWS	82	bigint	NO		
CLUSTER_STATEMENTS_SUMMARY_HISTORY	AVG_RESULT_ROWS	83	bigint	NO		
CLUSTER_STATEMENTS_SUMMARY_HISTORY	PREPARED	84	tinyint(1)	NO		
CLUSTER_STATEMENTS_SUMMARY_HISTORY	AVG_AFFECTED_ROWS	85	double unsigned	NO		
CLUSTER_STATEMENTS_SUMMARY_HISTORY	FIRST_SEEN	86	timestamp	NO		
CLUSTER_STATEMENTS_SUMMARY_HISTORY	LAST_SEEN	87	timestamp	NO		
CLUSTER_STATEMENTS_SUMMARY_HISTORY	PLAN_IN_CACHE	88	tinyint(1)	NO		
CLUSTER_STATEMENTS_SUMMARY_HISTORY	PLAN_CACHE_HITS	89	bigint	NO		
CLUSTER_STATEMENTS_SUMMARY_HISTORY	PLAN_IN_BINDING	90	tinyint(1)	NO		
CLUSTER_STATEMENTS_SUMMARY_HISTORY	QUERY_SAMPLE_TEXT	91	text	YES		
CLUSTER_STATEMENTS_SUMMARY_HISTORY	PREV_SAMPLE_TEXT	92	text	YES		
CLUSTER_STATEMENTS_SUMMARY_HISTORY	PLAN_DIGEST	93	varchar(64)	YES		
CLUSTER_STATEMENTS_SUMMARY_HISTORY	PLAN	94	text	YES		
CLUSTER_STATEMENTS_SUMMARY_HISTORY	BINARY_PLAN	95	text	YES		
CLUSTER_STATEMENTS_SUMMARY_HISTORY	CHARSET	96	varchar(64)	YES		
CLUSTER_STATEMENTS_SUMMARY_HISTORY	COLLATION	97	varchar(64)	YES		
CLUSTER_STATEMENTS_SUMMARY_HISTORY	PLAN_HINT	98	varchar(64)	YES		
CLUSTER_STATEMENTS_SUMMARY_HISTORY	MAX_REQUEST_UNIT_READ	99	double unsigned	NO		
CLUSTER_STATEMENTS_SUMMARY_HISTORY	AVG_REQUEST_UNIT_READ	100	double unsigned	NO		
CLUSTER_STATEMENTS_SUMMARY_HISTORY	MAX_REQUEST_UNIT_WRITE	101	double unsigned	NO		
CLUSTER_STATEMENTS_SUMMARY_HISTORY	AVG_REQUEST_UNIT_WRITE	102	double unsigned	NO		
CLUSTER_STATEMENTS_SUMMARY_HISTORY	MAX_QUEUED_RC_TIME	103	bigint unsigned	NO		
CLUSTER_STATEMENTS_SUMMARY_HISTORY	AVG_QUEUED_RC_TIME	104	bigint unsigned	NO		
CLUSTER_STATEMENTS_SUMMARY_HISTORY	RESOURCE_GROUP	105	varchar(64)	YES		
CLUSTER_STATEMENTS_SUMMARY_HISTORY	PLAN_CACHE_UNQUALIFIED	106	bigint	NO		
CLUSTER_STATEMENTS_SUMMARY_HISTORY	PLAN_CACHE_UNQUALIFIED_LAST_REASON	107	text	YES		
CLUSTER_SYSTEMINFO	TYPE	1	varchar(64)	YES		
CLUSTER_SYSTEMINFO	INSTANCE	2	varchar(64)	YES		
CLUSTER_SYSTEMINFO	SYSTEM_TYPE	3	varchar(64)	YES		
CLUSTER_SYSTEMINFO	SYSTEM_NAME	4	varchar(64)	YES		
CLUSTER_SYSTEMINFO	NAME	5	varchar(256)	YES		
CLUSTER_SYSTEMINFO	VALUE	6	varchar(128)	YES		
CLUSTER_TIDB_INDEX_USAGE	INSTANCE	1	varchar(64)	YES		
CLUSTER_TIDB_INDEX_USAGE	TABLE_SCHEMA	2	varchar(64)	YES		
CLUSTER_TIDB_INDEX_USAGE	TABLE_NAME	3	varchar(64)	YES		
CLUSTER_TIDB_INDEX_USAGE	INDEX_NAME	4	varchar(64)	YES		
CLUSTER_TIDB_INDEX_USAGE	QUERY_TOTAL	5	bigint	YES		
CLUSTER_TIDB_INDEX_USAGE	KV_REQ_TOTAL	6	bigint	YES		
CLUSTER_TIDB_INDEX_USAGE	ROWS_ACCESS_TOTAL	7	bigint	YES		
CLUSTER_TIDB_INDEX_USAGE	PERCENTAGE_ACCESS_0	8	bigint	YES		
CLUSTER_TIDB_INDEX_USAGE	PERCENTAGE_ACCESS_0_1	9	bigint	YES		
CLUSTER_TIDB_INDEX_USAGE	PERCENTAGE_ACCESS_1_10	10	bigint	YES		
CLUSTER_TIDB_INDEX_USAGE	PERCENTAGE_ACCESS_10_20	11	bigint	YES		
CLUSTER_TIDB_INDEX_USAGE	PERCENTAGE_ACCESS_20_50	12	bigint	YES		
CLUSTER_TIDB_INDEX_USAGE	PERCENTAGE_ACCESS_50_100	13	bigint	YES		
CLUSTER_TIDB_INDEX_USAGE	PERCENTAGE_ACCESS_100	14	bigint	YES		
CLUSTER_TIDB_INDEX_USAGE	LAST_ACCESS_TIME	15	datetime	YES		
CLUSTER_TIDB_TRX	INSTANCE	1	varchar(64)	YES		
CLUSTER_TIDB_TRX	ID	2	bigint unsigned	NO	PRI	
CLUSTER_TIDB_TRX	START_TIME	3	timestamp(6)	YES		
CLUSTER_TIDB_TRX	CURRENT_SQL_DIGEST	4	varchar(64)	YES		
CLUSTER_TIDB_TRX	CURRENT_SQL_DIGEST_TEXT	5	text	YES		
CLUSTER_TIDB_TRX	STATE	6	enum('Idle','Running','LockWaiting','Committing','RollingBack')	YES		
CLUSTER_TIDB_TRX	WAITING_START_TIME	7	timestamp(6)	YES		
CLUSTER_TIDB_TRX	MEM_BUFFER_KEYS	8	bigint	YES		
CLUSTER_TIDB_TRX	MEM_BUFFER_BYTES	9	bigint	YES		
CLUSTER_TIDB_TRX	SESSION_ID	10	bigint unsigned	YES		
CLUSTER_TIDB_TRX	USER	11	varchar(16)	YES		
CLUSTER_TIDB_TRX	DB	12	varchar(64)	YES		
CLUSTER_TIDB_TRX	ALL_SQL_DIGESTS	13	text	YES		
CLUSTER_TIDB_TRX	RELATED_TABLE_IDS	14	text	YES		
CLUSTER_TIDB_TRX	WAITING_TIME	15	double	YES		
CLUSTER_TRX_SUMMARY	INSTANCE	1	varchar(64)	YES		
CLUSTER_TRX_SUMMARY	DIGEST	2	varchar(16)	NO		
CLUSTER_TRX_SUMMARY	ALL_SQL_DIGESTS	3	text	YES		
COLLATIONS	COLLATION_NAME	1	varchar(32)	YES		
COLLATIONS	CHARACTER_SET_NAME	2	varchar(32)	YES		
COLLATIONS	ID	3	bigint	YES		
COLLATIONS	IS_DEFAULT	4	varchar(3)	YES		
COLLATIONS	IS_COMPILED	5	varchar(3)	YES		
COLLATIONS	SORTLEN	6	bigint	YES		
COLLATIONS	PAD_ATTRIBUTE	7	varchar(9)	YES		
COLLATION_CHARACTER_SET_APPLICABILITY	COLLATION_NAME	1	varchar(32)	NO		
COLLATION_CHARACTER_SET_APPLICABILITY	CHARACTER_SET_NAME	2	varchar(32)	NO		
COLUMNS	TABLE_CATALOG	1	varchar(512)	YES		
COLUMNS	TABLE_SCHEMA	2	varchar(64)	YES		
COLUMNS	TABLE_NAME	3	varchar(64)	YES		
COLUMNS	COLUMN_NAME	4	varchar(64)	YES		
COLUMNS	ORDINAL_POSITION	5	bigint	YES		
COLUMNS	COLUMN_DEFAULT	6	text	YES		
COLUMNS	IS_NULLABLE	7	varchar(3)	YES		
COLUMNS	DATA_TYPE	8	varchar(64)	YES		
COLUMNS	CHARACTER_MAXIMUM_LENGTH	9	bigint	YES		
COLUMNS	CHARACTER_OCTET_LENGTH	10	bigint	YES		
COLUMNS	NUMERIC_PRECISION	11	bigint	YES		
COLUMNS	NUMERIC_SCALE	12	bigint	YES		
COLUMNS	DATETIME_PRECISION	13	bigint	YES		
COLUMNS	CHARACTER_SET_NAME	14	varchar(32)	YES		
COLUMNS	COLLATION_NAME	15	varchar(32)	YES		
COLUMNS	COLUMN_TYPE	16	text	YES		
COLUMNS	COLUMN_KEY	17	varchar(3)	YES		
COLUMNS	EXTRA	18	varchar(45)	YES		
COLUMNS	PRIVILEGES	19	varchar(80)	YES		
COLUMNS	COLUMN_COMMENT	20	varchar(1024)	YES		
COLUMNS	GENERATION_EXPRESSION	21	text	NO		
COLUMN_PRIVILEGES	GRANTEE	1	varchar(81)	NO		
COLUMN_PRIVILEGES	TABLE_CATALOG	2	varchar(512)	NO		
COLUMN_PRIVILEGES	TABLE_SCHEMA	3	varchar(64)	NO		
COLUMN_PRIVILEGES	TABLE_NAME	4	varchar(64)	NO		
COLUMN_PRIVILEGES	COLUMN_NAME	5	varchar(64)	NO		
COLUMN_PRIVILEGES	PRIVILEGE_TYPE	6	varchar(64)	NO		
COLUMN_PRIVILEGES	IS_GRANTABLE	7	varchar(3)	NO		
COLUMN_STATISTICS	SCHEMA_NAME	1	varchar(64)	NO		
COLUMN_STATISTICS	TABLE_NAME	2	varchar(64)	NO		
COLUMN_STATISTICS	COLUMN_NAME	3	varchar(64)	NO		
COLUMN_STATISTICS	HISTOGRAM	4	json	YES		
DATA_LOCK_WAITS	KEY	1	text	NO		
DATA_LOCK_WAITS	KEY_INFO	2	text	YES		
DATA_LOCK_WAITS	TRX_ID	3	bigint unsigned	NO		
DATA_LOCK_WAITS	CURRENT_HOLDING_TRX_ID	4	bigint unsigned	NO		
DATA_LOCK_WAITS	SQL_DIGEST	5	varchar(64)	YES		
DATA_LOCK_WAITS	SQL_DIGEST_TEXT	6	text	YES		
DDL_JOBS	JOB_ID	1	bigint	YES		
DDL_JOBS	DB_NAME	2	varchar(64)	YES		
DDL_JOBS	TABLE_NAME	3	varchar(64)	YES		
DDL_JOBS	JOB_TYPE	4	varchar(64)	YES		
DDL_JOBS	SCHEMA_STATE	5	varchar(64)	YES		
DDL_JOBS	SCHEMA_ID	6	bigint	YES		
DDL_JOBS	TABLE_ID	7	bigint	YES		
DDL_JOBS	ROW_COUNT	8	bigint	YES		
DDL_JOBS	CREATE_TIME	9	datetime(6)	YES		
DDL_JOBS	START_TIME	10	datetime(6)	YES		
DDL_JOBS	END_TIME	11	datetime(6)	YES		
DDL_JOBS	STATE	12	varchar(64)	YES		
DDL_JOBS	QUERY	13	text	YES		
DEADLOCKS	DEADLOCK_ID	1	bigint	NO		
DEADLOCKS	OCCUR_TIME	2	timestamp(6)	YES		
DEADLOCKS	RETRYABLE	3	tinyint(1)	NO		
DEADLOCKS	TRY_LOCK_TRX_ID	4	bigint unsigned	NO		
DEADLOCKS	CURRENT_SQL_DIGEST	5	varchar(64)	YES		
DEADLOCKS	CURRENT_SQL_DIGEST_TEXT	6	text	YES		
DEADLOCKS	KEY	7	text	YES		
DEADLOCKS	KEY_INFO	8	text	YES		
DEADLOCKS	TRX_HOLDING_LOCK	9	bigint unsigned	NO		
ENGINES	ENGINE	1	varchar(64)	YES		
ENGINES	SUPPORT	2	varchar(8)	YES		
ENGINES	COMMENT	3	varchar(80)	YES		
ENGINES	TRANSACTIONS	4	varchar(3)	YES		
ENGINES	XA	5	varchar(3)	YES		
ENGINES	SAVEPOINTS	6	varchar(3)	YES		
EVENTS	EVENT_CATALOG	1	varchar(64)	NO		
EVENTS	EVENT_SCHEMA	2	varchar(64)	NO		
EVENTS	EVENT_NAME	3	varchar(64)	NO		
EVENTS	DEFINER	4	varchar(77)	NO		
EVENTS	TIME_ZONE	5	varchar(64)	NO		
EVENTS	EVENT_BODY	6	varchar(8)	NO		
EVENTS	EVENT_DEFINITION	7	longtext	YES		
EVENTS	EVENT_TYPE	8	varchar(9)	NO		
EVENTS	EXECUTE_AT	9	datetime	YES		
EVENTS	INTERVAL_VALUE	10	varchar(256)	YES		
EVENTS	INTERVAL_FIELD	11	varchar(18)	YES		
EVENTS	SQL_MODE	12	varchar(8192)	NO		
EVENTS	STARTS	13	datetime	YES		
EVENTS	ENDS	14	datetime	YES		
EVENTS	STATUS	15	varchar(18)	NO		
EVENTS	ON_COMPLETION	16	varchar(12)	NO		
EVENTS	CREATED	17	datetime	NO		
EVENTS	LAST_ALTERED	18	datetime	NO		
EVENTS	LAST_EXECUTED	19	datetime	YES		
EVENTS	EVENT_COMMENT	20	varchar(64)	NO		
EVENTS	ORIGINATOR	21	int	NO		
EVENTS	CHARACTER_SET_CLIENT	22	varchar(32)	NO		
EVENTS	COLLATION_CONNECTION	23	varchar(32)	NO		
EVENTS	DATABASE_COLLATION	24	varchar(32)	NO		
FILES	FILE_ID	1	bigint	YES		
FILES	FILE_NAME	2	varchar(4000)	YES		
FILES	FILE_TYPE	3	varchar(20)	YES		
FILES	TABLESPACE_NAME	4	varchar(64)	YES		
FILES	TABLE_CATALOG	5	varchar(64)	YES		
FILES	TABLE_SCHEMA	6	varchar(64)	YES		
FILES	TABLE_NAME	7	varchar(64)	YES		
FILES	LOGFILE_GROUP_NAME	8	varchar(64)	YES		
FILES	LOGFILE_GROUP_NUMBER	9	bigint	YES		
FILES	ENGINE	10	varchar(64)	YES		
FILES	FULLTEXT_KEYS	11	varchar(64)	YES		
FILES	DELETED_ROWS	12	bigint	YES		
FILES	UPDATE_COUNT	13	bigint	YES		
FILES	FREE_EXTENTS	14	bigint	YES		
FILES	TOTAL_EXTENTS	15	bigint	YES		
FILES	EXTENT_SIZE	16	bigint	YES		
FILES	INITIAL_SIZE	17	bigint	YES		
FILES	MAXIMUM_SIZE	18	bigint	YES		
FILES	AUTOEXTEND_SIZE	19	bigint	YES		
FILES	CREATION_TIME	20	datetime	YES		
FILES	LAST_UPDATE_TIME	21	datetime	YES		
FILES	LAST_ACCESS_TIME	22	datetime	YES		
FILES	RECOVER_TIME	23	bigint	YES		
FILES	TRANSACTION_COUNTER	24	bigint	YES		
FILES	VERSION	25	bigint	YES		
FILES	ROW_FORMAT	26	varchar(10)	YES		
FILES	TABLE_ROWS	27	bigint	YES		
FILES	AVG_ROW_LENGTH	28	bigint	YES		
FILES	DATA_LENGTH	29	bigint	YES		
FILES	MAX_DATA_LENGTH	30	bigint	YES		
FILES	INDEX_LENGTH	31	bigint	YES		
FILES	DATA_FREE	32	bigint	YES		
FILES	CREATE_TIME	33	datetime	YES		
FILES	UPDATE_TIME	34	datetime	YES		
FILES	CHECK_TIME	35	datetime	YES		
FILES	CHECKSUM	36	bigint	YES		
FILES	STATUS	37	varchar(20)	YES		
FILES	EXTRA	38	varchar(255)	YES		
GLOBAL_STATUS	VARIABLE_NAME	1	varchar(64)	NO		
GLOBAL_STATUS	VARIABLE_VALUE	2	varchar(1024)	YES		
GLOBAL_VARIABLES	VARIABLE_NAME	1	varchar(64)	NO		
GLOBAL_VARIABLES	VARIABLE_VALUE	2	varchar(1024)	YES		
INSPECTION_RESULT	RULE	1	varchar(64)	YES		
INSPECTION_RESULT	ITEM	2	varchar(64)	YES		
INSPECTION_RESULT	TYPE	3	varchar(64)	YES		
INSPECTION_RESULT	INSTANCE	4	varchar(64)	YES		
INSPECTION_RESULT	STATUS_ADDRESS	5	varchar(64)	YES		
INSPECTION_RESULT	VALUE	6	varchar(64)	YES		
INSPECTION_RESULT	REFERENCE	7	varchar(64)	YES		
INSPECTION_RESULT	SEVERITY	8	varchar(64)	YES		
INSPECTION_RESULT	DETAILS	9	varchar(256)	YES		
INSPECTION_RULES	NAME	1	varchar(64)	YES		
INSPECTION_RULES	TYPE	2	varchar(64)	YES		
INSPECTION_RULES	COMMENT	3	varchar(256)	YES		
INSPECTION_SUMMARY	RULE	1	varchar(64)	YES		
INSPECTION_SUMMARY	INSTANCE	2	varchar(64)	YES		
INSPECTION_SUMMARY	METRICS_NAME	3	varchar(64)	YES		
INSPECTION_SUMMARY	LABEL	4	varchar(64)	YES		
INSPECTION_SUMMARY	QUANTILE	5	double	YES		
INSPECTION_SUMMARY	AVG_VALUE	6	double(22,6)	YES		
INSPECTION_SUMMARY	MIN_VALUE	7	double(22,6)	YES		
INSPECTION_SUMMARY	MAX_VALUE	8	double(22,6)	YES		
INSPECTION_SUMMARY	COMMENT	9	varchar(256)	YES		
KEYWORDS	WORD	1	varchar(128)	YES		
KEYWORDS	RESERVED	2	int	YES		
KEY_COLUMN_USAGE	CONSTRAINT_CATALOG	1	varchar(512)	NO		
KEY_COLUMN_USAGE	CONSTRAINT_SCHEMA	2	varchar(64)	NO		
KEY_COLUMN_USAGE	CONSTRAINT_NAME	3	varchar(64)	NO		
KEY_COLUMN_USAGE	TABLE_CATALOG	4	varchar(512)	NO		
KEY_COLUMN_USAGE	TABLE_SCHEMA	5	varchar(64)	NO		
KEY_COLUMN_USAGE	TABLE_NAME	6	varchar(64)	NO		
KEY_COLUMN_USAGE	COLUMN_NAME	7	varchar(64)	NO		
KEY_COLUMN_USAGE	ORDINAL_POSITION	8	bigint	NO		
KEY_COLUMN_USAGE	POSITION_IN_UNIQUE_CONSTRAINT	9	bigint	YES		
KEY_COLUMN_USAGE	REFERENCED_TABLE_SCHEMA	10	varchar(64)	YES		
KEY_COLUMN_USAGE	REFERENCED_TABLE_NAME	11	varchar(64)	YES		
KEY_COLUMN_USAGE	REFERENCED_COLUMN_NAME	12	varchar(64)	YES		
MEMORY_USAGE	MEMORY_TOTAL	1	bigint	NO		
MEMORY_USAGE	MEMORY_LIMIT	2	bigint	NO		
MEMORY_USAGE	MEMORY_CURRENT	3	bigint	NO		
MEMORY_USAGE	MEMORY_MAX_USED	4	bigint	NO		
MEMORY_USAGE	CURRENT_OPS	5	varchar(50)	YES		
MEMORY_USAGE	SESSION_KILL_LAST	6	datetime	YES		
MEMORY_USAGE	SESSION_KILL_TOTAL	7	bigint	NO		
MEMORY_USAGE	GC_LAST	8	datetime	YES		
MEMORY_USAGE	GC_TOTAL	9	bigint	NO		
MEMORY_USAGE	DISK_USAGE	10	bigint	NO		
MEMORY_USAGE	QUERY_FORCE_DISK	11	bigint	NO		
MEMORY_USAGE_OPS_HISTORY	TIME	1	datetime	NO		
MEMORY_USAGE_OPS_HISTORY	OPS	2	varchar(20)	NO		
MEMORY_USAGE_OPS_HISTORY	MEMORY_LIMIT	3	bigint	NO		
MEMORY_USAGE_OPS_HISTORY	MEMORY_CURRENT	4	bigint	NO		
MEMORY_USAGE_OPS_HISTORY	PROCESSID	5	bigint unsigned	YES		
MEMORY_USAGE_OPS_HISTORY	MEM	6	bigint unsigned	YES		
MEMORY_USAGE_OPS_HISTORY	DISK	7	bigint unsigned	YES		
MEMORY_USAGE_OPS_HISTORY	CLIENT	8	varchar(64)	YES		
MEMORY_USAGE_OPS_HISTORY	DB	9	varchar(64)	YES		
MEMORY_USAGE_OPS_HISTORY	USER	10	varchar(16)	YES		
MEMORY_USAGE_OPS_HISTORY	SQL_DIGEST	11	varchar(64)	YES		
MEMORY_USAGE_OPS_HISTORY	SQL_TEXT	12	varchar(256)	YES		
METRICS_SUMMARY	METRICS_NAME	1	varchar(64)	YES		
METRICS_SUMMARY	QUANTILE	2	double	YES		
METRICS_SUMMARY	SUM_VALUE	3	double(22,6)	YES		
METRICS_SUMMARY	AVG_VALUE	4	double(22,6)	YES		
METRICS_SUMMARY	MIN_VALUE	5	double(22,6)	YES		
METRICS_SUMMARY	MAX_VALUE	6	double(22,6)	YES		
METRICS_SUMMARY	COMMENT	7	varchar(256)	YES		
METRICS_SUMMARY_BY_LABEL	INSTANCE	1	varchar(64)	YES		
METRICS_SUMMARY_BY_LABEL	METRICS_NAME	2	varchar(64)	YES		
METRICS_SUMMARY_BY_LABEL	LABEL	3	varchar(64)	YES		
METRICS_SUMMARY_BY_LABEL	QUANTILE	4	double	YES		
METRICS_SUMMARY_BY_LABEL	SUM_VALUE	5	double(22,6)	YES		
METRICS_SUMMARY_BY_LABEL	AVG_VALUE	6	double(22,6)	YES		
METRICS_SUMMARY_BY_LABEL	MIN_VALUE	7	double(22,6)	YES		
METRICS_SUMMARY_BY_LABEL	MAX_VALUE	8	double(22,6)	YES		
METRICS_SUMMARY_BY_LABEL	COMMENT	9	varchar(256)	YES		
METRICS_TABLES	TABLE_NAME	1	varchar(64)	YES		
METRICS_TABLES	PROMQL	2	varchar(64)	YES		
METRICS_TABLES	LABELS	3	varchar(64)	YES		
METRICS_TABLES	QUANTILE	4	double	YES		
METRICS_TABLES	COMMENT	5	varchar(256)	YES		
OPTIMIZER_TRACE	QUERY	1	longtext	NO		
OPTIMIZER_TRACE	TRACE	2	longtext	NO		
OPTIMIZER_TRACE	MISSING_BYTES_BEYOND_MAX_MEM_SIZE	3	smallint	NO		
OPTIMIZER_TRACE	INSUFFICIENT_PRIVILEGES	4	tinyint(1)	NO		
PARAMETERS	SPECIFIC_CATALOG	1	varchar(512)	NO		
PARAMETERS	SPECIFIC_SCHEMA	2	varchar(64)	NO		
PARAMETERS	SPECIFIC_NAME	3	varchar(64)	NO		
PARAMETERS	ORDINAL_POSITION	4	varchar(21)	NO		
PARAMETERS	PARAMETER_MODE	5	varchar(5)	YES		
PARAMETERS	PARAMETER_NAME	6	varchar(64)	YES		
PARAMETERS	DATA_TYPE	7	varchar(64)	NO		
PARAMETERS	CHARACTER_MAXIMUM_LENGTH	8	varchar(21)	YES		
PARAMETERS	CHARACTER_OCTET_LENGTH	9	varchar(21)	YES		
PARAMETERS	NUMERIC_PRECISION	10	varchar(21)	YES		
PARAMETERS	NUMERIC_SCALE	11	varchar(21)	YES		
PARAMETERS	DATETIME_PRECISION	12	varchar(21)	YES		
PARAMETERS	CHARACTER_SET_NAME	13	varchar(64)	YES		
PARAMETERS	COLLATION_NAME	14	varchar(64)	YES		
PARAMETERS	DTD_IDENTIFIER	15	longtext	NO		
PARAMETERS	ROUTINE_TYPE	16	varchar(9)	NO		
PARTITIONS	TABLE_CATALOG	1	varchar(512)	YES		
PARTITIONS	TABLE_SCHEMA	2	varchar(64)	YES		
PARTITIONS	TABLE_NAME	3	varchar(64)	YES		
PARTITIONS	PARTITION_NAME	4	varchar(64)	YES		
PARTITIONS	SUBPARTITION_NAME	5	varchar(64)	YES		
PARTITIONS	PARTITION_ORDINAL_POSITION	6	bigint	YES		
PARTITIONS	SUBPARTITION_ORDINAL_POSITION	7	bigint	YES		
PARTITIONS	PARTITION_METHOD	8	varchar(18)	YES		
PARTITIONS	SUBPARTITION_METHOD	9	varchar(12)	YES		
PARTITIONS	PARTITION_EXPRESSION	10	longtext	YES		
PARTITIONS	SUBPARTITION_EXPRESSION	11	longtext	YES		
PARTITIONS	PARTITION_DESCRIPTION	12	longtext	YES		
PARTITIONS	TABLE_ROWS	13	bigint	YES		
PARTITIONS	AVG_ROW_LENGTH	14	bigint	YES		
PARTITIONS	DATA_LENGTH	15	bigint	YES		
PARTITIONS	MAX_DATA_LENGTH	16	bigint	YES		
PARTITIONS	INDEX_LENGTH	17	bigint	YES		
PARTITIONS	DATA_FREE	18	bigint	YES		
PARTITIONS	CREATE_TIME	19	datetime	YES		
PARTITIONS	UPDATE_TIME	20	datetime	YES		
PARTITIONS	CHECK_TIME	21	datetime	YES		
PARTITIONS	CHECKSUM	22	bigint	YES		
PARTITIONS	PARTITION_COMMENT	23	varchar(80)	YES		
PARTITIONS	NODEGROUP	24	varchar(12)	YES		
PARTITIONS	TABLESPACE_NAME	25	varchar(64)	YES		
PARTITIONS	TIDB_PARTITION_ID	26	bigint	YES		
PARTITIONS	TIDB_PLACEMENT_POLICY_NAME	27	varchar(64)	YES		
PLACEMENT_POLICIES	POLICY_ID	1	bigint	NO		
PLACEMENT_POLICIES	CATALOG_NAME	2	varchar(512)	NO		
PLACEMENT_POLICIES	POLICY_NAME	3	varchar(64)	NO		
PLACEMENT_POLICIES	PRIMARY_REGION	4	varchar(1024)	YES		
PLACEMENT_POLICIES	REGIONS	5	varchar(1024)	YES		
PLACEMENT_POLICIES	CONSTRAINTS	6	varchar(1024)	YES		
PLACEMENT_POLICIES	LEADER_CONSTRAINTS	7	varchar(1024)	YES		
PLACEMENT_POLICIES	FOLLOWER_CONSTRAINTS	8	varchar(1024)	YES		
PLACEMENT_POLICIES	LEARNER_CONSTRAINTS	9	varchar(1024)	YES		
PLACEMENT_POLICIES	SCHEDULE	10	varchar(20)	YES		
PLACEMENT_POLICIES	FOLLOWERS	11	bigint	YES		
PLACEMENT_POLICIES	LEARNERS	12	bigint	YES		
PLUGINS	PLUGIN_NAME	1	varchar(64)	YES		
PLUGINS	PLUGIN_VERSION	2	varchar(20)	YES		
PLUGINS	PLUGIN_STATUS	3	varchar(10)	YES		
PLUGINS	PLUGIN_TYPE	4	varchar(80)	YES		
PLUGINS	PLUGIN_TYPE_VERSION	5	varchar(20)	YES		
PLUGINS	PLUGIN_LIBRARY	6	varchar(64)	YES		
PLUGINS	PLUGIN_LIBRARY_VERSION	7	varchar(20)	YES		
PLUGINS	PLUGIN_AUTHOR	8	varchar(64)	YES		
PLUGINS	PLUGIN_DESCRIPTION	9	longtext	YES		
PLUGINS	PLUGIN_LICENSE	10	varchar(80)	YES		
PLUGINS	LOAD_OPTION	11	varchar(64)	YES		
PROCESSLIST	ID	1	bigint unsigned	NO		
PROCESSLIST	USER	2	varchar(16)	NO		
PROCESSLIST	HOST	3	varchar(64)	NO		
PROCESSLIST	DB	4	varchar(64)	YES		
PROCESSLIST	COMMAND	5	varchar(16)	NO		
PROCESSLIST	TIME	6	int	NO		
PROCESSLIST	STATE	7	varchar(7)	YES		
PROCESSLIST	INFO	8	longtext	YES		
PROCESSLIST	DIGEST	9	varchar(64)	YES		
PROCESSLIST	MEM	10	bigint unsigned	YES		
PROCESSLIST	DISK	11	bigint unsigned	YES		
PROCESSLIST	TxnStart	12	varchar(64)	NO		
PROCESSLIST	RESOURCE_GROUP	13	varchar(32)	NO		
PROCESSLIST	SESSION_ALIAS	14	varchar(64)	NO		
PROCESSLIST	ROWS_AFFECTED	15	bigint unsigned	YES		
PROCESSLIST	TIDB_CPU	16	bigint	NO		
PROCESSLIST	TIKV_CPU	17	bigint	NO		
PROFILING	QUERY_ID	1	int	YES		
PROFILING	SEQ	2	int	YES		
PROFILING	STATE	3	varchar(30)	YES		
PROFILING	DURATION	4	decimal(9,0)	YES		
PROFILING	CPU_USER	5	decimal(9,0)	YES		
PROFILING	CPU_SYSTEM	6	decimal(9,0)	YES		
PROFILING	CONTEXT_VOLUNTARY	7	int	YES		
PROFILING	CONTEXT_INVOLUNTARY	8	int	YES		
PROFILING	BLOCK_OPS_IN	9	int	YES		
PROFILING	BLOCK_OPS_OUT	10	int	YES		
PROFILING	MESSAGES_SENT	11	int	YES		
PROFILING	MESSAGES_RECEIVED	12	int	YES		
PROFILING	PAGE_FAULTS_MAJOR	13	int	YES		
PROFILING	PAGE_FAULTS_MINOR	14	int	YES		
PROFILING	SWAPS	15	int	YES		
PROFILING	SOURCE_FUNCTION	16	varchar(30)	YES		
PROFILING	SOURCE_FILE	17	varchar(20)	YES		
PROFILING	SOURCE_LINE	18	int	YES		
REFERENTIAL_CONSTRAINTS	CONSTRAINT_CATALOG	1	varchar(512)	NO		
REFERENTIAL_CONSTRAINTS	CONSTRAINT_SCHEMA	2	varchar(64)	NO		
REFERENTIAL_CONSTRAINTS	CONSTRAINT_NAME	3	varchar(64)	NO		
REFERENTIAL_CONSTRAINTS	UNIQUE_CONSTRAINT_CATALOG	4	varchar(512)	NO		
REFERENTIAL_CONSTRAINTS	UNIQUE_CONSTRAINT_SCHEMA	5	varchar(64)	NO		
REFERENTIAL_CONSTRAINTS	UNIQUE_CONSTRAINT_NAME	6	varchar(64)	YES		
REFERENTIAL_CONSTRAINTS	MATCH_OPTION	7	varchar(64)	NO		
REFERENTIAL_CONSTRAINTS	UPDATE_RULE	8	varchar(64)	NO		
REFERENTIAL_CONSTRAINTS	DELETE_RULE	9	varchar(64)	NO		
REFERENTIAL_CONSTRAINTS	TABLE_NAME	10	varchar(64)	NO		
REFERENTIAL_CONSTRAINTS	REFERENCED_TABLE_NAME	11	varchar(64)	NO		
RESOURCE_GROUPS	NAME	1	varchar(32)	NO		
RESOURCE_GROUPS	RU_PER_SEC	2	varchar(21)	YES		
RESOURCE_GROUPS	PRIORITY	3	varchar(6)	YES		
RESOURCE_GROUPS	BURSTABLE	4	varchar(3)	YES		
RESOURCE_GROUPS	QUERY_LIMIT	5	varchar(256)	YES		
RESOURCE_GROUPS	BACKGROUND	6	varchar(256)	YES		
ROUTINES	SPECIFIC_NAME	1	varchar(64)	NO		
ROUTINES	ROUTINE_CATALOG	2	varchar(512)	NO		
ROUTINES	ROUTINE_SCHEMA	3	varchar(64)	NO		
ROUTINES	ROUTINE_NAME	4	varchar(64)	NO		
ROUTINES	ROUTINE_TYPE	5	varchar(9)	NO		
ROUTINES	DATA_TYPE	6	varchar(64)	NO		
ROUTINES	CHARACTER_MAXIMUM_LENGTH	7	int	YES		
ROUTINES	CHARACTER_OCTET_LENGTH	8	int	YES		
ROUTINES	NUMERIC_PRECISION	9	bigint	YES		
ROUTINES	NUMERIC_SCALE	10	int	YES		
ROUTINES	DATETIME_PRECISION	11	bigint	YES		
ROUTINES	CHARACTER_SET_NAME	12	varchar(64)	YES		
ROUTINES	COLLATION_NAME	13	varchar(64)	YES		
ROUTINES	DTD_IDENTIFIER	14	longtext	YES		
ROUTINES	ROUTINE_BODY	15	varchar(8)	NO		
ROUTINES	ROUTINE_DEFINITION	16	longtext	YES		
ROUTINES	EXTERNAL_NAME	17	varchar(64)	YES		
ROUTINES	EXTERNAL_LANGUAGE	18	varchar(64)	YES		
ROUTINES	PARAMETER_STYLE	19	varchar(8)	NO		
ROUTINES	IS_DETERMINISTIC	20	varchar(3)	NO		
ROUTINES	SQL_DATA_ACCESS	21	varchar(64)	NO		
ROUTINES	SQL_PATH	22	varchar(64)	YES		
ROUTINES	SECURITY_TYPE	23	varchar(7)	NO		
ROUTINES	CREATED	24	datetime	NO		
ROUTINES	LAST_ALTERED	25	datetime	NO		
ROUTINES	SQL_MODE	26	varchar(8192)	NO		
ROUTINES	ROUTINE_COMMENT	27	longtext	YES		
ROUTINES	DEFINER	28	varchar(77)	NO		
ROUTINES	CHARACTER_SET_CLIENT	29	varchar(32)	NO		
ROUTINES	COLLATION_CONNECTION	30	varchar(32)	NO		
ROUTINES	DATABASE_COLLATION	31	varchar(32)	NO		
RUNAWAY_WATCHES	ID	1	bigint	NO		
RUNAWAY_WATCHES	RESOURCE_GROUP_NAME	2	varchar(32)	NO		
RUNAWAY_WATCHES	START_TIME	3	varchar(32)	NO		
RUNAWAY_WATCHES	END_TIME	4	varchar(32)	YES		
RUNAWAY_WATCHES	WATCH	5	varchar(12)	NO		
RUNAWAY_WATCHES	WATCH_TEXT	6	text	NO		
RUNAWAY_WATCHES	SOURCE	7	varchar(128)	NO		
RUNAWAY_WATCHES	ACTION	8	varchar(12)	NO		
RUNAWAY_WATCHES	RULE	9	varchar(128)	NO		
SCHEMATA	CATALOG_NAME	1	varchar(512)	YES		
SCHEMATA	SCHEMA_NAME	2	varchar(64)	YES		
SCHEMATA	DEFAULT_CHARACTER_SET_NAME	3	varchar(64)	YES		
SCHEMATA	DEFAULT_COLLATION_NAME	4	varchar(32)	YES		
SCHEMATA	SQL_PATH	5	varchar(512)	YES		
SCHEMATA	TIDB_PLACEMENT_POLICY_NAME	6	varchar(64)	YES		
SCHEMA_PRIVILEGES	GRANTEE	1	varchar(81)	NO		
SCHEMA_PRIVILEGES	TABLE_CATALOG	2	varchar(512)	NO		
SCHEMA_PRIVILEGES	TABLE_SCHEMA	3	varchar(64)	NO		
SCHEMA_PRIVILEGES	PRIVILEGE_TYPE	4	varchar(64)	NO		
SCHEMA_PRIVILEGES	IS_GRANTABLE	5	varchar(3)	NO		
SEQUENCES	TABLE_CATALOG	1	varchar(512)	NO		
SEQUENCES	SEQUENCE_SCHEMA	2	varchar(64)	NO		
SEQUENCES	SEQUENCE_NAME	3	varchar(64)	NO		
SEQUENCES	CACHE	4	tinyint	NO		
SEQUENCES	CACHE_VALUE	5	bigint	YES		
SEQUENCES	CYCLE	6	tinyint	NO		
SEQUENCES	INCREMENT	7	bigint	NO		
SEQUENCES	MAX_VALUE	8	bigint	YES		
SEQUENCES	MIN_VALUE	9	bigint	YES		
SEQUENCES	START	10	bigint	YES		
SEQUENCES	COMMENT	11	varchar(64)	YES		
SESSION_STATUS	VARIABLE_NAME	1	varchar(64)	NO		
SESSION_STATUS	VARIABLE_VALUE	2	varchar(1024)	YES		
SESSION_VARIABLES	VARIABLE_NAME	1	varchar(64)	YES		
SESSION_VARIABLES	VARIABLE_VALUE	2	varchar(1024)	YES		
SLOW_QUERY	Time	1	timestamp(6)	NO	PRI	
SLOW_QUERY	Txn_start_ts	2	bigint unsigned	YES		
SLOW_QUERY	User	3	varchar(64)	YES		
SLOW_QUERY	Host	4	varchar(64)	YES		
SLOW_QUERY	Conn_ID	5	bigint unsigned	YES		
SLOW_QUERY	Session_alias	6	varchar(64)	YES		
SLOW_QUERY	Exec_retry_count	7	bigint unsigned	YES		
SLOW_QUERY	Exec_retry_time	8	double	YES		
SLOW_QUERY	Query_time	9	double	YES		
SLOW_QUERY	Parse_time	10	double	YES		
SLOW_QUERY	Compile_time	11	double	YES		
SLOW_QUERY	Rewrite_time	12	double	YES		
SLOW_QUERY	Preproc_subqueries	13	bigint unsigned	YES		
SLOW_QUERY	Preproc_subqueries_time	14	double	YES		
SLOW_QUERY	Optimize_time	15	double	YES		
SLOW_QUERY	Wait_TS	16	double	YES		
SLOW_QUERY	Prewrite_time	17	double	YES		
SLOW_QUERY	Wait_prewrite_binlog_time	18	double	YES		
SLOW_QUERY	Commit_time	19	double	YES		
SLOW_QUERY	Get_commit_ts_time	20	double	YES		
SLOW_QUERY	Commit_backoff_time	21	double	YES		
SLOW_QUERY	Backoff_types	22	varchar(64)	YES		
SLOW_QUERY	Resolve_lock_time	23	double	YES		
SLOW_QUERY	Local_latch_wait_time	24	double	YES		
SLOW_QUERY	Write_keys	25	bigint	YES		
SLOW_QUERY	Write_size	26	bigint	YES		
SLOW_QUERY	Prewrite_region	27	bigint	YES		
SLOW_QUERY	Txn_retry	28	bigint	YES		
SLOW_QUERY	Cop_time	29	double	YES		
SLOW_QUERY	Process_time	30	double	YES		
SLOW_QUERY	Wait_time	31	double	YES		
SLOW_QUERY	Backoff_time	32	double	YES		
SLOW_QUERY	LockKeys_time	33	double	YES		
SLOW_QUERY	Request_count	34	bigint unsigned	YES		
SLOW_QUERY	Total_keys	35	bigint unsigned	YES		
SLOW_QUERY	Process_keys	36	bigint unsigned	YES		
SLOW_QUERY	Rocksdb_delete_skipped_count	37	bigint unsigned	YES		
SLOW_QUERY	Rocksdb_key_skipped_count	38	bigint unsigned	YES		
SLOW_QUERY	Rocksdb_block_cache_hit_count	39	bigint unsigned	YES		
SLOW_QUERY	Rocksdb_block_read_count	40	bigint unsigned	YES		
SLOW_QUERY	Rocksdb_block_read_byte	41	bigint unsigned	YES		
SLOW_QUERY	DB	42	varchar(64)	YES		
SLOW_QUERY	Index_names	43	varchar(100)	YES		
SLOW_QUERY	Is_internal	44	tinyint(1)	YES		
SLOW_QUERY	Digest	45	varchar(64)	YES		
SLOW_QUERY	Stats	46	varchar(512)	YES		
SLOW_QUERY	Cop_proc_avg	47	double	YES		
SLOW_QUERY	Cop_proc_p90	48	double	YES		
SLOW_QUERY	Cop_proc_max	49	double	YES		
SLOW_QUERY	Cop_proc_addr	50	varchar(64)	YES		
SLOW_QUERY	Cop_wait_avg	51	double	YES		
SLOW_QUERY	Cop_wait_p90	52	double	YES		
SLOW_QUERY	Cop_wait_max	53	double	YES		
SLOW_QUERY	Cop_wait_addr	54	varchar(64)	YES		
SLOW_QUERY	Mem_max	55	bigint	YES		
SLOW_QUERY	Disk_max	56	bigint	YES		
SLOW_QUERY	KV_total	57	double	YES		
SLOW_QUERY	PD_total	58	double	YES		
SLOW_QUERY	Backoff_total	59	double	YES		
SLOW_QUERY	Write_sql_response_total	60	double	YES		
SLOW_QUERY	Result_rows	61	bigint	YES		
SLOW_QUERY	Warnings	62	longtext	YES		
SLOW_QUERY	Backoff_Detail	63	varchar(4096)	YES		
SLOW_QUERY	Prepared	64	tinyint(1)	YES		
SLOW_QUERY	Succ	65	tinyint(1)	YES		
SLOW_QUERY	IsExplicitTxn	66	tinyint(1)	YES		
SLOW_QUERY	IsWriteCacheTable	67	tinyint(1)	YES		
SLOW_QUERY	Plan_from_cache	68	tinyint(1)	YES		
SLOW_QUERY	Plan_from_binding	69	tinyint(1)	YES		
SLOW_QUERY	Has_more_results	70	tinyint(1)	YES		
SLOW_QUERY	Resource_group	71	varchar(64)	YES		
SLOW_QUERY	Request_unit_read	72	double	YES		
SLOW_QUERY	Request_unit_write	73	double	YES		
SLOW_QUERY	Time_queued_by_rc	74	double	YES		
SLOW_QUERY	Tidb_cpu_time	75	double	YES		
SLOW_QUERY	Tikv_cpu_time	76	double	YES		
SLOW_QUERY	Plan	77	longtext	YES		
SLOW_QUERY	Plan_digest	78	varchar(128)	YES		
SLOW_QUERY	Binary_plan	79	longtext	YES		
SLOW_QUERY	Prev_stmt	80	longtext	YES		
SLOW_QUERY	Query	81	longtext	YES		
STATEMENTS_SUMMARY	SUMMARY_BEGIN_TIME	1	timestamp	NO		
STATEMENTS_SUMMARY	SUMMARY_END_TIME	2	timestamp	NO		
STATEMENTS_SUMMARY	STMT_TYPE	3	varchar(64)	NO		
STATEMENTS_SUMMARY	SCHEMA_NAME	4	varchar(64)	YES		
STATEMENTS_SUMMARY	DIGEST	5	varchar(64)	YES		
STATEMENTS_SUMMARY	DIGEST_TEXT	6	text	NO		
STATEMENTS_SUMMARY	TABLE_NAMES	7	text	YES		
STATEMENTS_SUMMARY	INDEX_NAMES	8	text	YES		
STATEMENTS_SUMMARY	SAMPLE_USER	9	varchar(64)	YES		
STATEMENTS_SUMMARY	EXEC_COUNT	10	bigint unsigned	NO		
STATEMENTS_SUMMARY	SUM_ERRORS	11	int unsigned	NO		
STATEMENTS_SUMMARY	SUM_WARNINGS	12	int unsigned	NO		
STATEMENTS_SUMMARY	SUM_LATENCY	13	bigint unsigned	NO		
STATEMENTS_SUMMARY	MAX_LATENCY	14	bigint unsigned	NO		
STATEMENTS_SUMMARY	MIN_LATENCY	15	bigint unsigned	NO		
STATEMENTS_SUMMARY	AVG_LATENCY	16	bigint unsigned	NO		
STATEMENTS_SUMMARY	AVG_PARSE_LATENCY	17	bigint unsigned	NO		
STATEMENTS_SUMMARY	MAX_PARSE_LATENCY	18	bigint unsigned	NO		
STATEMENTS_SUMMARY	AVG_COMPILE_LATENCY	19	bigint unsigned	NO		
STATEMENTS_SUMMARY	MAX_COMPILE_LATENCY	20	bigint unsigned	NO		
STATEMENTS_SUMMARY	SUM_COP_TASK_NUM	21	bigint unsigned	NO		
STATEMENTS_SUMMARY	MAX_COP_PROCESS_TIME	22	bigint unsigned	NO		
STATEMENTS_SUMMARY	MAX_COP_PROCESS_ADDRESS	23	varchar(256)	YES		
STATEMENTS_SUMMARY	MAX_COP_WAIT_TIME	24	bigint unsigned	NO		
STATEMENTS_SUMMARY	MAX_COP_WAIT_ADDRESS	25	varchar(256)	YES		
STATEMENTS_SUMMARY	AVG_PROCESS_TIME	26	bigint unsigned	NO		
STATEMENTS_SUMMARY	MAX_PROCESS_TIME	27	bigint unsigned	NO		
STATEMENTS_SUMMARY	AVG_WAIT_TIME	28	bigint unsigned	NO		
STATEMENTS_SUMMARY	MAX_WAIT_TIME	29	bigint unsigned	NO		
STATEMENTS_SUMMARY	AVG_BACKOFF_TIME	30	bigint unsigned	NO		
STATEMENTS_SUMMARY	MAX_BACKOFF_TIME	31	bigint unsigned	NO		
STATEMENTS_SUMMARY	AVG_TOTAL_KEYS	32	bigint unsigned	NO		
STATEMENTS_SUMMARY	MAX_TOTAL_KEYS	33	bigint unsigned	NO		
STATEMENTS_SUMMARY	AVG_PROCESSED_KEYS	34	bigint unsigned	NO		
STATEMENTS_SUMMARY	MAX_PROCESSED_KEYS	35	bigint unsigned	NO		
STATEMENTS_SUMMARY	AVG_ROCKSDB_DELETE_SKIPPED_COUNT	36	double unsigned	NO		
STATEMENTS_SUMMARY	MAX_ROCKSDB_DELETE_SKIPPED_COUNT	37	int unsigned	NO		
STATEMENTS_SUMMARY	AVG_ROCKSDB_KEY_SKIPPED_COUNT	38	double unsigned	NO		
STATEMENTS_SUMMARY	MAX_ROCKSDB_KEY_SKIPPED_COUNT	39	int unsigned	NO		
STATEMENTS_SUMMARY	AVG_ROCKSDB_BLOCK_CACHE_HIT_COUNT	40	double unsigned	NO		
STATEMENTS_SUMMARY	MAX_ROCKSDB_BLOCK_CACHE_HIT_COUNT	41	int unsigned	NO		
STATEMENTS_SUMMARY	AVG_ROCKSDB_BLOCK_READ_COUNT	42	double unsigned	NO		
STATEMENTS_SUMMARY	MAX_ROCKSDB_BLOCK_READ_COUNT	43	int unsigned	NO		
STATEMENTS_SUMMARY	AVG_ROCKSDB_BLOCK_READ_BYTE	44	double unsigned	NO		
STATEMENTS_SUMMARY	MAX_ROCKSDB_BLOCK_READ_BYTE	45	int unsigned	NO		
STATEMENTS_SUMMARY	AVG_PREWRITE_TIME	46	bigint unsigned	NO		
STATEMENTS_SUMMARY	MAX_PREWRITE_TIME	47	bigint unsigned	NO		
STATEMENTS_SUMMARY	AVG_COMMIT_TIME	48	bigint unsigned	NO		
STATEMENTS_SUMMARY	MAX_COMMIT_TIME	49	bigint unsigned	NO		
STATEMENTS_SUMMARY	AVG_GET_COMMIT_TS_TIME	50	bigint unsigned	NO		
STATEMENTS_SUMMARY	MAX_GET_COMMIT_TS_TIME	51	bigint unsigned	NO		
STATEMENTS_SUMMARY	AVG_COMMIT_BACKOFF_TIME	52	bigint unsigned	NO		
STATEMENTS_SUMMARY	MAX_COMMIT_BACKOFF_TIME	53	bigint unsigned	NO		
STATEMENTS_SUMMARY	AVG_RESOLVE_LOCK_TIME	54	bigint unsigned	NO		
STATEMENTS_SUMMARY	MAX_RESOLVE_LOCK_TIME	55	bigint unsigned	NO		
STATEMENTS_SUMMARY	AVG_LOCAL_LATCH_WAIT_TIME	56	bigint unsigned	NO		
STATEMENTS_SUMMARY	MAX_LOCAL_LATCH_WAIT_TIME	57	bigint unsigned	NO		
STATEMENTS_SUMMARY	AVG_WRITE_KEYS	58	double unsigned	NO		
STATEMENTS_SUMMARY	MAX_WRITE_KEYS	59	bigint unsigned	NO		
STATEMENTS_SUMMARY	AVG_WRITE_SIZE	60	double unsigned	NO		
STATEMENTS_SUMMARY	MAX_WRITE_SIZE	61	bigint unsigned	NO		
STATEMENTS_SUMMARY	AVG_PREWRITE_REGIONS	62	double unsigned	NO		
STATEMENTS_SUMMARY	MAX_PREWRITE_REGIONS	63	int unsigned	NO		
STATEMENTS_SUMMARY	AVG_TXN_RETRY	64	double unsigned	NO		
STATEMENTS_SUMMARY	MAX_TXN_RETRY	65	int unsigned	NO		
STATEMENTS_SUMMARY	SUM_EXEC_RETRY	66	bigint unsigned	NO		
STATEMENTS_SUMMARY	SUM_EXEC_RETRY_TIME	67	bigint unsigned	NO		
STATEMENTS_SUMMARY	SUM_BACKOFF_TIMES	68	bigint unsigned	NO		
STATEMENTS_SUMMARY	BACKOFF_TYPES	69	varchar(1024)	YES		
STATEMENTS_SUMMARY	AVG_MEM	70	bigint unsigned	NO		
STATEMENTS_SUMMARY	MAX_MEM	71	bigint unsigned	NO		
STATEMENTS_SUMMARY	AVG_DISK	72	bigint unsigned	NO		
STATEMENTS_SUMMARY	MAX_DISK	73	bigint unsigned	NO		
STATEMENTS_SUMMARY	AVG_KV_TIME	74	bigint unsigned	NO		
STATEMENTS_SUMMARY	AVG_PD_TIME	75	bigint unsigned	NO		
STATEMENTS_SUMMARY	AVG_BACKOFF_TOTAL_TIME	76	bigint unsigned	NO		
STATEMENTS_SUMMARY	AVG_WRITE_SQL_RESP_TIME	77	bigint unsigned	NO		
STATEMENTS_SUMMARY	AVG_TIDB_CPU_TIME	78	bigint unsigned	NO		
STATEMENTS_SUMMARY	AVG_TIKV_CPU_TIME	79	bigint unsigned	NO		
STATEMENTS_SUMMARY	MAX_RESULT_ROWS	80	bigint	NO		
STATEMENTS_SUMMARY	MIN_RESULT_ROWS	81	bigint	NO		
STATEMENTS_SUMMARY	AVG_RESULT_ROWS	82	bigint	NO		
STATEMENTS_SUMMARY	PREPARED	83	tinyint(1)	NO		
STATEMENTS_SUMMARY	AVG_AFFECTED_ROWS	84	double unsigned	NO		
STATEMENTS_SUMMARY	FIRST_SEEN	85	timestamp	NO		
STATEMENTS_SUMMARY	LAST_SEEN	86	timestamp	NO		
STATEMENTS_SUMMARY	PLAN_IN_CACHE	87	tinyint(1)	NO		
STATEMENTS_SUMMARY	PLAN_CACHE_HITS	88	bigint	NO		
STATEMENTS_SUMMARY	PLAN_IN_BINDING	89	tinyint(1)	NO		
STATEMENTS_SUMMARY	QUERY_SAMPLE_TEXT	90	text	YES		
STATEMENTS_SUMMARY	PREV_SAMPLE_TEXT	91	text	YES		
STATEMENTS_SUMMARY	PLAN_DIGEST	92	varchar(64)	YES		
STATEMENTS_SUMMARY	PLAN	93	text	YES		
STATEMENTS_SUMMARY	BINARY_PLAN	94	text	YES		
STATEMENTS_SUMMARY	CHARSET	95	varchar(64)	YES		
STATEMENTS_SUMMARY	COLLATION	96	varchar(64)	YES		
STATEMENTS_SUMMARY	PLAN_HINT	97	varchar(64)	YES		
STATEMENTS_SUMMARY	MAX_REQUEST_UNIT_READ	98	double unsigned	NO		
STATEMENTS_SUMMARY	AVG_REQUEST_UNIT_READ	99	double unsigned	NO		
STATEMENTS_SUMMARY	MAX_REQUEST_UNIT_WRITE	100	double unsigned	NO		
STATEMENTS_SUMMARY	AVG_REQUEST_UNIT_WRITE	101	double unsigned	NO		
STATEMENTS_SUMMARY	MAX_QUEUED_RC_TIME	102	bigint unsigned	NO		
STATEMENTS_SUMMARY	AVG_QUEUED_RC_TIME	103	bigint unsigned	NO		
STATEMENTS_SUMMARY	RESOURCE_GROUP	104	varchar(64)	YES		
STATEMENTS_SUMMARY	PLAN_CACHE_UNQUALIFIED	105	bigint	NO		
STATEMENTS_SUMMARY	PLAN_CACHE_UNQUALIFIED_LAST_REASON	106	text	YES		
STATEMENTS_SUMMARY_EVICTED	BEGIN_TIME	1	timestamp	YES		
STATEMENTS_SUMMARY_EVICTED	END_TIME	2	timestamp	YES		
STATEMENTS_SUMMARY_EVICTED	EVICTED_COUNT	3	bigint	NO		
STATEMENTS_SUMMARY_HISTORY	SUMMARY_BEGIN_TIME	1	timestamp	NO		
STATEMENTS_SUMMARY_HISTORY	SUMMARY_END_TIME	2	timestamp	NO		
STATEMENTS_SUMMARY_HISTORY	STMT_TYPE	3	varchar(64)	NO		
STATEMENTS_SUMMARY_HISTORY	SCHEMA_NAME	4	varchar(64)	YES		
STATEMENTS_SUMMARY_HISTORY	DIGEST	5	varchar(64)	YES		
STATEMENTS_SUMMARY_HISTORY	DIGEST_TEXT	6	text	NO		
STATEMENTS_SUMMARY_HISTORY	TABLE_NAMES	7	text	YES		
STATEMENTS_SUMMARY_HISTORY	INDEX_NAMES	8	text	YES		
STATEMENTS_SUMMARY_HISTORY	SAMPLE_USER	9	varchar(64)	YES		
STATEMENTS_SUMMARY_HISTORY	EXEC_COUNT	10	bigint unsigned	NO		
STATEMENTS_SUMMARY_HISTORY	SUM_ERRORS	11	int unsigned	NO		
STATEMENTS_SUMMARY_HISTORY	SUM_WARNINGS	12	int unsigned	NO		
STATEMENTS_SUMMARY_HISTORY	SUM_LATENCY	13	bigint unsigned	NO		
STATEMENTS_SUMMARY_HISTORY	MAX_LATENCY	14	bigint unsigned	NO		
STATEMENTS_SUMMARY_HISTORY	MIN_LATENCY	15	bigint unsigned	NO		
STATEMENTS_SUMMARY_HISTORY	AVG_LATENCY	16	bigint unsigned	NO		
STATEMENTS_SUMMARY_HISTORY	AVG_PARSE_LATENCY	17	bigint unsigned	NO		
STATEMENTS_SUMMARY_HISTORY	MAX_PARSE_LATENCY	18	bigint unsigned	NO		
STATEMENTS_SUMMARY_HISTORY	AVG_COMPILE_LATENCY	19	bigint unsigned	NO		
STATEMENTS_SUMMARY_HISTORY	MAX_COMPILE_LATENCY	20	bigint unsigned	NO		
STATEMENTS_SUMMARY_HISTORY	SUM_COP_TASK_NUM	21	bigint unsigned	NO		
STATEMENTS_SUMMARY_HISTORY	MAX_COP_PROCESS_TIME	22	bigint unsigned	NO		
STATEMENTS_SUMMARY_HISTORY	MAX_COP_PROCESS_ADDRESS	23	varchar(256)	YES		
STATEMENTS_SUMMARY_HISTORY	MAX_COP_WAIT_TIME	24	bigint unsigned	NO		
STATEMENTS_SUMMARY_HISTORY	MAX_COP_WAIT_ADDRESS	25	varchar(256)	YES		
STATEMENTS_SUMMARY_HISTORY	AVG_PROCESS_TIME	26	bigint unsigned	NO		
STATEMENTS_SUMMARY_HISTORY	MAX_PROCESS_TIME	27	bigint unsigned	NO		
STATEMENTS_SUMMARY_HISTORY	AVG_WAIT_TIME	28	bigint unsigned	NO		
STATEMENTS_SUMMARY_HISTORY	MAX_WAIT_TIME	29	bigint unsigned	NO		
STATEMENTS_SUMMARY_HISTORY	AVG_BACKOFF_TIME	30	bigint unsigned	NO		
STATEMENTS_SUMMARY_HISTORY	MAX_BACKOFF_TIME	31	bigint unsigned	NO		
STATEMENTS_SUMMARY_HISTORY	AVG_TOTAL_KEYS	32	bigint unsigned	NO		
STATEMENTS_SUMMARY_HISTORY	MAX_TOTAL_KEYS	33	bigint unsigned	NO		
STATEMENTS_SUMMARY_HISTORY	AVG_PROCESSED_KEYS	34	bigint unsigned	NO		
STATEMENTS_SUMMARY_HISTORY	MAX_PROCESSED_KEYS	35	bigint unsigned	NO		
STATEMENTS_SUMMARY_HISTORY	AVG_ROCKSDB_DELETE_SKIPPED_COUNT	36	double unsigned	NO		
STATEMENTS_SUMMARY_HISTORY	MAX_ROCKSDB_DELETE_SKIPPED_COUNT	37	int unsigned	NO		
STATEMENTS_SUMMARY_HISTORY	AVG_ROCKSDB_KEY_SKIPPED_COUNT	38	double unsigned	NO		
STATEMENTS_SUMMARY_HISTORY	MAX_ROCKSDB_KEY_SKIPPED_COUNT	39	int unsigned	NO		
STATEMENTS_SUMMARY_HISTORY	AVG_ROCKSDB_BLOCK_CACHE_HIT_COUNT	40	double unsigned	NO		
STATEMENTS_SUMMARY_HISTORY	MAX_ROCKSDB_BLOCK_CACHE_HIT_COUNT	41	int unsigned	NO		
STATEMENTS_SUMMARY_HISTORY	AVG_ROCKSDB_BLOCK_READ_COUNT	42	double unsigned	NO		
STATEMENTS_SUMMARY_HISTORY	MAX_ROCKSDB_BLOCK_READ_COUNT	43	int unsigned	NO		
STATEMENTS_SUMMARY_HISTORY	AVG_ROCKSDB_BLOCK_READ_BYTE	44	double unsigned	NO		
STATEMENTS_SUMMARY_HISTORY	MAX_ROCKSDB_BLOCK_READ_BYTE	45	int unsigned	NO		
STATEMENTS_SUMMARY_HISTORY	AVG_PREWRITE_TIME	46	bigint unsigned	NO		
STATEMENTS_SUMMARY_HISTORY	MAX_PREWRITE_TIME	47	bigint unsigned	NO		
STATEMENTS_SUMMARY_HISTORY	AVG_COMMIT_TIME	48	bigint unsigned	NO		
STATEMENTS_SUMMARY_HISTORY	MAX_COMMIT_TIME	49	bigint unsigned	NO		
STATEMENTS_SUMMARY_HISTORY	AVG_GET_COMMIT_TS_TIME	50	bigint unsigned	NO		
STATEMENTS_SUMMARY_HISTORY	MAX_GET_COMMIT_TS_TIME	51	bigint unsigned	NO		
STATEMENTS_SUMMARY_HISTORY	AVG_COMMIT_BACKOFF_TIME	52	bigint unsigned	NO		
STATEMENTS_SUMMARY_HISTORY	MAX_COMMIT_BACKOFF_TIME	53	bigint unsigned	NO		
STATEMENTS_SUMMARY_HISTORY	AVG_RESOLVE_LOCK_TIME	54	bigint unsigned	NO		
STATEMENTS_SUMMARY_HISTORY	MAX_RESOLVE_LOCK_TIME	55	bigint unsigned	NO		
STATEMENTS_SUMMARY_HISTORY	AVG_LOCAL_LATCH_WAIT_TIME	56	bigint unsigned	NO		
STATEMENTS_SUMMARY_HISTORY	MAX_LOCAL_LATCH_WAIT_TIME	57	bigint unsigned	NO		
STATEMENTS_SUMMARY_HISTORY	AVG_WRITE_KEYS	58	double unsigned	NO		
STATEMENTS_SUMMARY_HISTORY	MAX_WRITE_KEYS	59	bigint unsigned	NO		
STATEMENTS_SUMMARY_HISTORY	AVG_WRITE_SIZE	60	double unsigned	NO		
STATEMENTS_SUMMARY_HISTORY	MAX_WRITE_SIZE	61	bigint unsigned	NO		
STATEMENTS_SUMMARY_HISTORY	AVG_PREWRITE_REGIONS	62	double unsigned	NO		
STATEMENTS_SUMMARY_HISTORY	MAX_PREWRITE_REGIONS	63	int unsigned	NO		
STATEMENTS_SUMMARY_HISTORY	AVG_TXN_RETRY	64	double unsigned	NO		
STATEMENTS_SUMMARY_HISTORY	MAX_TXN_RETRY	65	int unsigned	NO		
STATEMENTS_SUMMARY_HISTORY	SUM_EXEC_RETRY	66	bigint unsigned	NO		
STATEMENTS_SUMMARY_HISTORY	SUM_EXEC_RETRY_TIME	67	bigint unsigned	NO		
STATEMENTS_SUMMARY_HISTORY	SUM_BACKOFF_TIMES	68	bigint unsigned	NO		
STATEMENTS_SUMMARY_HISTORY	BACKOFF_TYPES	69	varchar(1024)	YES		
STATEMENTS_SUMMARY_HISTORY	AVG_MEM	70	bigint unsigned	NO		
STATEMENTS_SUMMARY_HISTORY	MAX_MEM	71	bigint unsigned	NO		
STATEMENTS_SUMMARY_HISTORY	AVG_DISK	72	bigint unsigned	NO		
STATEMENTS_SUMMARY_HISTORY	MAX_DISK	73	bigint unsigned	NO		
STATEMENTS_SUMMARY_HISTORY	AVG_KV_TIME	74	bigint unsigned	NO		
STATEMENTS_SUMMARY_HISTORY	AVG_PD_TIME	75	bigint unsigned	NO		
STATEMENTS_SUMMARY_HISTORY	AVG_BACKOFF_TOTAL_TIME	76	bigint unsigned	NO		
STATEMENTS_SUMMARY_HISTORY	AVG_WRITE_SQL_RESP_TIME	77	bigint unsigned	NO		
STATEMENTS_SUMMARY_HISTORY	AVG_TIDB_CPU_TIME	78	bigint unsigned	NO		
STATEMENTS_SUMMARY_HISTORY	AVG_TIKV_CPU_TIME	79	bigint unsigned	NO		
STATEMENTS_SUMMARY_HISTORY	MAX_RESULT_ROWS	80	bigint	NO		
STATEMENTS_SUMMARY_HISTORY	MIN_RESULT_ROWS	81	bigint	NO		
STATEMENTS_SUMMARY_HISTORY	AVG_RESULT_ROWS	82	bigint	NO		
STATEMENTS_SUMMARY_HISTORY	PREPARED	83	tinyint(1)	NO		
STATEMENTS_SUMMARY_HISTORY	AVG_AFFECTED_ROWS	84	double unsigned	NO		
STATEMENTS_SUMMARY_HISTORY	FIRST_SEEN	85	timestamp	NO		
STATEMENTS_SUMMARY_HISTORY	LAST_SEEN	86	timestamp	NO		
STATEMENTS_SUMMARY_HISTORY	PLAN_IN_CACHE	87	tinyint(1)	NO		
STATEMENTS_SUMMARY_HISTORY	PLAN_CACHE_HITS	88	bigint	NO		
STATEMENTS_SUMMARY_HISTORY	PLAN_IN_BINDING	89	tinyint(1)	NO		
STATEMENTS_SUMMARY_HISTORY	QUERY_SAMPLE_TEXT	90	text	YES		
STATEMENTS_SUMMARY_HISTORY	PREV_SAMPLE_TEXT	91	text	YES		
STATEMENTS_SUMMARY_HISTORY	PLAN_DIGEST	92	varchar(64)	YES		
STATEMENTS_SUMMARY_HISTORY	PLAN	93	text	YES		
STATEMENTS_SUMMARY_HISTORY	BINARY_PLAN	94	text	YES		
STATEMENTS_SUMMARY_HISTORY	CHARSET	95	varchar(64)	YES		
STATEMENTS_SUMMARY_HISTORY	COLLATION	96	varchar(64)	YES		
STATEMENTS_SUMMARY_HISTORY	PLAN_HINT	97	varchar(64)	YES		
STATEMENTS_SUMMARY_HISTORY	MAX_REQUEST_UNIT_READ	98	double unsigned	NO		
STATEMENTS_SUMMARY_HISTORY	AVG_REQUEST_UNIT_READ	99	double unsigned	NO		
STATEMENTS_SUMMARY_HISTORY	MAX_REQUEST_UNIT_WRITE	100	double unsigned	NO		
STATEMENTS_SUMMARY_HISTORY	AVG_REQUEST_UNIT_WRITE	101	double unsigned	NO		
STATEMENTS_SUMMARY_HISTORY	MAX_QUEUED_RC_TIME	102	bigint unsigned	NO		
STATEMENTS_SUMMARY_HISTORY	AVG_QUEUED_RC_TIME	103	bigint unsigned	NO		
STATEMENTS_SUMMARY_HISTORY	RESOURCE_GROUP	104	varchar(64)	YES		
STATEMENTS_SUMMARY_HISTORY	PLAN_CACHE_UNQUALIFIED	105	bigint	NO		
STATEMENTS_SUMMARY_HISTORY	PLAN_CACHE_UNQUALIFIED_LAST_REASON	106	text	YES		
STATISTICS	TABLE_CATALOG	1	varchar(512)	YES		
STATISTICS	TABLE_SCHEMA	2	varchar(64)	YES		
STATISTICS	TABLE_NAME	3	varchar(64)	YES		
STATISTICS	NON_UNIQUE	4	varchar(1)	YES		
STATISTICS	INDEX_SCHEMA	5	varchar(64)	YES		
STATISTICS	INDEX_NAME	6	varchar(64)	YES		
STATISTICS	SEQ_IN_INDEX	7	bigint	YES		
STATISTICS	COLUMN_NAME	8	varchar(21)	YES		
STATISTICS	COLLATION	9	varchar(1)	YES		
STATISTICS	CARDINALITY	10	bigint	YES		
STATISTICS	SUB_PART	11	bigint	YES		
STATISTICS	PACKED	12	varchar(10)	YES		
STATISTICS	NULLABLE	13	varchar(3)	YES		
STATISTICS	INDEX_TYPE	14	varchar(16)	YES		
STATISTICS	COMMENT	15	varchar(16)	YES		
STATISTICS	INDEX_COMMENT	16	varchar(1024)	YES		
STATISTICS	IS_VISIBLE	17	varchar(3)	YES		
STATISTICS	Expression	18	varchar(64)	YES		
TABLES	TABLE_CATALOG	1	varchar(512)	YES		
TABLES	TABLE_SCHEMA	2	varchar(64)	YES		
TABLES	TABLE_NAME	3	varchar(64)	YES		
TABLES	TABLE_TYPE	4	varchar(64)	YES		
TABLES	ENGINE	5	varchar(64)	YES		
TABLES	VERSION	6	bigint	YES		
TABLES	ROW_FORMAT	7	varchar(10)	YES		
TABLES	TABLE_ROWS	8	bigint	YES		
TABLES	AVG_ROW_LENGTH	9	bigint	YES		
TABLES	DATA_LENGTH	10	bigint	YES		
TABLES	MAX_DATA_LENGTH	11	bigint	YES		
TABLES	INDEX_LENGTH	12	bigint	YES		
TABLES	DATA_FREE	13	bigint	YES		
TABLES	AUTO_INCREMENT	14	bigint	YES		
TABLES	CREATE_TIME	15	datetime	YES		
TABLES	UPDATE_TIME	16	datetime	YES		
TABLES	CHECK_TIME	17	datetime	YES		
TABLES	TABLE_COLLATION	18	varchar(32)	YES		
TABLES	CHECKSUM	19	bigint	YES		
TABLES	CREATE_OPTIONS	20	varchar(255)	YES		
TABLES	TABLE_COMMENT	21	varchar(2048)	YES		
TABLES	TIDB_TABLE_ID	22	bigint	YES		
TABLES	TIDB_ROW_ID_SHARDING_INFO	23	varchar(255)	YES		
TABLES	TIDB_PK_TYPE	24	varchar(64)	YES		
TABLES	TIDB_PLACEMENT_POLICY_NAME	25	varchar(64)	YES		
TABLESPACES	TABLESPACE_NAME	1	varchar(64)	NO		
TABLESPACES	ENGINE	2	varchar(64)	NO		
TABLESPACES	TABLESPACE_TYPE	3	varchar(64)	YES		
TABLESPACES	LOGFILE_GROUP_NAME	4	varchar(64)	YES		
TABLESPACES	EXTENT_SIZE	5	bigint	YES		
TABLESPACES	AUTOEXTEND_SIZE	6	bigint	YES		
TABLESPACES	MAXIMUM_SIZE	7	bigint	YES		
TABLESPACES	NODEGROUP_ID	8	bigint	YES		
TABLESPACES	TABLESPACE_COMMENT	9	varchar(2048)	YES		
TABLE_CONSTRAINTS	CONSTRAINT_CATALOG	1	varchar(512)	YES		
TABLE_CONSTRAINTS	CONSTRAINT_SCHEMA	2	varchar(64)	YES		
TABLE_CONSTRAINTS	CONSTRAINT_NAME	3	varchar(64)	YES		
TABLE_CONSTRAINTS	TABLE_SCHEMA	4	varchar(64)	YES		
TABLE_CONSTRAINTS	TABLE_NAME	5	varchar(64)	YES		
TABLE_CONSTRAINTS	CONSTRAINT_TYPE	6	varchar(64)	YES		
TABLE_PRIVILEGES	GRANTEE	1	varchar(81)	NO		
TABLE_PRIVILEGES	TABLE_CATALOG	2	varchar(512)	NO		
TABLE_PRIVILEGES	TABLE_SCHEMA	3	varchar(64)	NO		
TABLE_PRIVILEGES	TABLE_NAME	4	varchar(64)	NO		
TABLE_PRIVILEGES	PRIVILEGE_TYPE	5	varchar(64)	NO		
TABLE_PRIVILEGES	IS_GRANTABLE	6	varchar(3)	NO		
TABLE_STORAGE_STATS	TABLE_SCHEMA	1	varchar(64)	YES		
TABLE_STORAGE_STATS	TABLE_NAME	2	varchar(64)	YES		
TABLE_STORAGE_STATS	TABLE_ID	3	bigint	YES		
TABLE_STORAGE_STATS	PEER_COUNT	4	bigint	YES		
TABLE_STORAGE_STATS	REGION_COUNT	5	bigint	YES		
TABLE_STORAGE_STATS	EMPTY_REGION_COUNT	6	bigint	YES		
TABLE_STORAGE_STATS	TABLE_SIZE	7	bigint	YES		
TABLE_STORAGE_STATS	TABLE_KEYS	8	bigint	YES		
TIDB_CHECK_CONSTRAINTS	CONSTRAINT_CATALOG	1	varchar(64)	NO		
TIDB_CHECK_CONSTRAINTS	CONSTRAINT_SCHEMA	2	varchar(64)	NO		
TIDB_CHECK_CONSTRAINTS	CONSTRAINT_NAME	3	varchar(64)	NO		
TIDB_CHECK_CONSTRAINTS	CHECK_CLAUSE	4	longtext	NO		
TIDB_CHECK_CONSTRAINTS	TABLE_NAME	5	varchar(64)	YES		
TIDB_CHECK_CONSTRAINTS	TABLE_ID	6	bigint	YES		
TIDB_HOT_REGIONS	TABLE_ID	1	bigint	YES		
TIDB_HOT_REGIONS	INDEX_ID	2	bigint	YES		
TIDB_HOT_REGIONS	DB_NAME	3	varchar(64)	YES		
TIDB_HOT_REGIONS	TABLE_NAME	4	varchar(64)	YES		
TIDB_HOT_REGIONS	INDEX_NAME	5	varchar(64)	YES		
TIDB_HOT_REGIONS	REGION_ID	6	bigint	YES		
TIDB_HOT_REGIONS	TYPE	7	varchar(64)	YES		
TIDB_HOT_REGIONS	MAX_HOT_DEGREE	8	bigint	YES		
TIDB_HOT_REGIONS	REGION_COUNT	9	bigint	YES		
TIDB_HOT_REGIONS	FLOW_BYTES	10	bigint	YES		
TIDB_HOT_REGIONS_HISTORY	UPDATE_TIME	1	timestamp(6)	YES		
TIDB_HOT_REGIONS_HISTORY	DB_NAME	2	varchar(64)	YES		
TIDB_HOT_REGIONS_HISTORY	TABLE_NAME	3	varchar(64)	YES		
TIDB_HOT_REGIONS_HISTORY	TABLE_ID	4	bigint	YES		
TIDB_HOT_REGIONS_HISTORY	INDEX_NAME	5	varchar(64)	YES		
TIDB_HOT_REGIONS_HISTORY	INDEX_ID	6	bigint	YES		
TIDB_HOT_REGIONS_HISTORY	REGION_ID	7	bigint	YES		
TIDB_HOT_REGIONS_HISTORY	STORE_ID	8	bigint	YES		
TIDB_HOT_REGIONS_HISTORY	PEER_ID	9	bigint	YES		
TIDB_HOT_REGIONS_HISTORY	IS_LEARNER	10	tinyint(1)	NO		
TIDB_HOT_REGIONS_HISTORY	IS_LEADER	11	tinyint(1)	NO		
TIDB_HOT_REGIONS_HISTORY	TYPE	12	varchar(64)	YES		
TIDB_HOT_REGIONS_HISTORY	HOT_DEGREE	13	bigint	YES		
TIDB_HOT_REGIONS_HISTORY	FLOW_BYTES	14	double	YES		
TIDB_HOT_REGIONS_HISTORY	KEY_RATE	15	double	YES		
TIDB_HOT_REGIONS_HISTORY	QUERY_RATE	16	double	YES		
TIDB_INDEXES	TABLE_SCHEMA	1	varchar(64)	YES		
TIDB_INDEXES	TABLE_NAME	2	varchar(64)	YES		
TIDB_INDEXES	NON_UNIQUE	3	bigint	YES		
TIDB_INDEXES	KEY_NAME	4	varchar(64)	YES		
TIDB_INDEXES	SEQ_IN_INDEX	5	bigint	YES		
TIDB_INDEXES	COLUMN_NAME	6	varchar(64)	YES		
TIDB_INDEXES	SUB_PART	7	bigint	YES		
TIDB_INDEXES	INDEX_COMMENT	8	varchar(1024)	YES		
TIDB_INDEXES	Expression	9	varchar(64)	YES		
TIDB_INDEXES	INDEX_ID	10	bigint	YES		
TIDB_INDEXES	IS_VISIBLE	11	varchar(64)	YES		
TIDB_INDEXES	CLUSTERED	12	varchar(64)	YES		
TIDB_INDEXES	IS_GLOBAL	13	bigint	YES		
TIDB_INDEX_USAGE	TABLE_SCHEMA	1	varchar(64)	YES		
TIDB_INDEX_USAGE	TABLE_NAME	2	varchar(64)	YES		
TIDB_INDEX_USAGE	INDEX_NAME	3	varchar(64)	YES		
TIDB_INDEX_USAGE	QUERY_TOTAL	4	bigint	YES		
TIDB_INDEX_USAGE	KV_REQ_TOTAL	5	bigint	YES		
TIDB_INDEX_USAGE	ROWS_ACCESS_TOTAL	6	bigint	YES		
TIDB_INDEX_USAGE	PERCENTAGE_ACCESS_0	7	bigint	YES		
TIDB_INDEX_USAGE	PERCENTAGE_ACCESS_0_1	8	bigint	YES		
TIDB_INDEX_USAGE	PERCENTAGE_ACCESS_1_10	9	bigint	YES		
TIDB_INDEX_USAGE	PERCENTAGE_ACCESS_10_20	10	bigint	YES		
TIDB_INDEX_USAGE	PERCENTAGE_ACCESS_20_50	11	bigint	YES		
TIDB_INDEX_USAGE	PERCENTAGE_ACCESS_50_100	12	bigint	YES		
TIDB_INDEX_USAGE	PERCENTAGE_ACCESS_100	13	bigint	YES		
TIDB_INDEX_USAGE	LAST_ACCESS_TIME	14	datetime	YES		
TIDB_SERVERS_INFO	DDL_ID	1	varchar(64)	YES		
TIDB_SERVERS_INFO	IP	2	varchar(64)	YES		
TIDB_SERVERS_INFO	PORT	3	bigint	YES		
TIDB_SERVERS_INFO	STATUS_PORT	4	bigint	YES		
TIDB_SERVERS_INFO	LEASE	5	varchar(64)	YES		
TIDB_SERVERS_INFO	VERSION	6	varchar(64)	YES		
TIDB_SERVERS_INFO	GIT_HASH	7	varchar(64)	YES		
TIDB_SERVERS_INFO	LABELS	8	varchar(128)	YES		
TIDB_TRX	ID	1	bigint unsigned	NO	PRI	
TIDB_TRX	START_TIME	2	timestamp(6)	YES		
TIDB_TRX	CURRENT_SQL_DIGEST	3	varchar(64)	YES		
TIDB_TRX	CURRENT_SQL_DIGEST_TEXT	4	text	YES		
TIDB_TRX	STATE	5	enum('Idle','Running','LockWaiting','Committing','RollingBack')	YES		
TIDB_TRX	WAITING_START_TIME	6	timestamp(6)	YES		
TIDB_TRX	MEM_BUFFER_KEYS	7	bigint	YES		
TIDB_TRX	MEM_BUFFER_BYTES	8	bigint	YES		
TIDB_TRX	SESSION_ID	9	bigint unsigned	YES		
TIDB_TRX	USER	10	varchar(16)	YES		
TIDB_TRX	DB	11	varchar(64)	YES		
TIDB_TRX	ALL_SQL_DIGESTS	12	text	YES		
TIDB_TRX	RELATED_TABLE_IDS	13	text	YES		
TIDB_TRX	WAITING_TIME	14	double	YES		
TIFLASH_INDEXES	TIDB_DATABASE	1	varchar(64)	YES		
TIFLASH_INDEXES	TIDB_TABLE	2	varchar(64)	YES		
TIFLASH_INDEXES	TABLE_ID	3	bigint	YES		
TIFLASH_INDEXES	COLUMN_NAME	4	varchar(64)	YES		
TIFLASH_INDEXES	INDEX_NAME	5	varchar(64)	YES		
TIFLASH_INDEXES	COLUMN_ID	6	bigint	YES		
TIFLASH_INDEXES	INDEX_ID	7	bigint	YES		
TIFLASH_INDEXES	INDEX_KIND	8	varchar(64)	YES		
TIFLASH_INDEXES	ROWS_STABLE_INDEXED	9	bigint	YES		
TIFLASH_INDEXES	ROWS_STABLE_NOT_INDEXED	10	bigint	YES		
TIFLASH_INDEXES	ROWS_DELTA_INDEXED	11	bigint	YES		
TIFLASH_INDEXES	ROWS_DELTA_NOT_INDEXED	12	bigint	YES		
TIFLASH_INDEXES	ERROR_MESSAGE	13	varchar(1024)	YES		
TIFLASH_INDEXES	TIFLASH_INSTANCE	14	varchar(64)	YES		
TIFLASH_REPLICA	TABLE_SCHEMA	1	varchar(64)	YES		
TIFLASH_REPLICA	TABLE_NAME	2	varchar(64)	YES		
TIFLASH_REPLICA	TABLE_ID	3	bigint	YES		
TIFLASH_REPLICA	REPLICA_COUNT	4	bigint	YES		
TIFLASH_REPLICA	LOCATION_LABELS	5	varchar(64)	YES		
TIFLASH_REPLICA	AVAILABLE	6	tinyint(1)	YES		
TIFLASH_REPLICA	PROGRESS	7	double	YES		
TIFLASH_SEGMENTS	TIDB_DATABASE	1	varchar(64)	YES		
TIFLASH_SEGMENTS	TIDB_TABLE	2	varchar(64)	YES		
TIFLASH_SEGMENTS	TABLE_ID	3	bigint	YES		
TIFLASH_SEGMENTS	IS_TOMBSTONE	4	bigint	YES		
TIFLASH_SEGMENTS	SEGMENT_ID	5	bigint	YES		
TIFLASH_SEGMENTS	RANGE	6	varchar(64)	YES		
TIFLASH_SEGMENTS	EPOCH	7	bigint	YES		
TIFLASH_SEGMENTS	ROWS	8	bigint	YES		
TIFLASH_SEGMENTS	SIZE	9	bigint	YES		
TIFLASH_SEGMENTS	DELTA_RATE	10	double	YES		
TIFLASH_SEGMENTS	DELTA_MEMTABLE_ROWS	11	bigint	YES		
TIFLASH_SEGMENTS	DELTA_MEMTABLE_SIZE	12	bigint	YES		
TIFLASH_SEGMENTS	DELTA_MEMTABLE_COLUMN_FILES	13	bigint	YES		
TIFLASH_SEGMENTS	DELTA_MEMTABLE_DELETE_RANGES	14	bigint	YES		
TIFLASH_SEGMENTS	DELTA_PERSISTED_PAGE_ID	15	bigint	YES		
TIFLASH_SEGMENTS	DELTA_PERSISTED_ROWS	16	bigint	YES		
TIFLASH_SEGMENTS	DELTA_PERSISTED_SIZE	17	bigint	YES		
TIFLASH_SEGMENTS	DELTA_PERSISTED_COLUMN_FILES	18	bigint	YES		
TIFLASH_SEGMENTS	DELTA_PERSISTED_DELETE_RANGES	19	bigint	YES		
TIFLASH_SEGMENTS	DELTA_CACHE_SIZE	20	bigint	YES		
TIFLASH_SEGMENTS	DELTA_INDEX_SIZE	21	bigint	YES		
TIFLASH_SEGMENTS	STABLE_PAGE_ID	22	bigint	YES		
TIFLASH_SEGMENTS	STABLE_ROWS	23	bigint	YES		
TIFLASH_SEGMENTS	STABLE_SIZE	24	bigint	YES		
TIFLASH_SEGMENTS	STABLE_DMFILES	25	bigint	YES		
TIFLASH_SEGMENTS	STABLE_DMFILES_ID_0	26	bigint	YES		
TIFLASH_SEGMENTS	STABLE_DMFILES_ROWS	27	bigint	YES		
TIFLASH_SEGMENTS	STABLE_DMFILES_SIZE	28	bigint	YES		
TIFLASH_SEGMENTS	STABLE_DMFILES_SIZE_ON_DISK	29	bigint	YES		
TIFLASH_SEGMENTS	STABLE_DMFILES_PACKS	30	bigint	YES		
TIFLASH_SEGMENTS	TIFLASH_INSTANCE	31	varchar(64)	YES		
TIFLASH_TABLES	TIDB_DATABASE	1	varchar(64)	YES		
TIFLASH_TABLES	TIDB_TABLE	2	varchar(64)	YES		
TIFLASH_TABLES	TABLE_ID	3	bigint	YES		
TIFLASH_TABLES	IS_TOMBSTONE	4	bigint	YES		
TIFLASH_TABLES	SEGMENT_COUNT	5	bigint	YES		
TIFLASH_TABLES	TOTAL_ROWS	6	bigint	YES		
TIFLASH_TABLES	TOTAL_SIZE	7	bigint	YES		
TIFLASH_TABLES	TOTAL_DELETE_RANGES	8	bigint	YES		
TIFLASH_TABLES	DELTA_RATE_ROWS	9	double	YES		
TIFLASH_TABLES	DELTA_RATE_SEGMENTS	10	double	YES		
TIFLASH_TABLES	DELTA_PLACED_RATE	11	double	YES		
TIFLASH_TABLES	DELTA_CACHE_SIZE	12	bigint	YES		
TIFLASH_TABLES	DELTA_CACHE_RATE	13	double	YES		
TIFLASH_TABLES	DELTA_CACHE_WASTED_RATE	14	double	YES		
TIFLASH_TABLES	DELTA_INDEX_SIZE	15	bigint	YES		
TIFLASH_TABLES	AVG_SEGMENT_ROWS	16	double	YES		
TIFLASH_TABLES	AVG_SEGMENT_SIZE	17	double	YES		
TIFLASH_TABLES	DELTA_COUNT	18	bigint	YES		
TIFLASH_TABLES	TOTAL_DELTA_ROWS	19	bigint	YES		
TIFLASH_TABLES	TOTAL_DELTA_SIZE	20	bigint	YES		
TIFLASH_TABLES	AVG_DELTA_ROWS	21	double	YES		
TIFLASH_TABLES	AVG_DELTA_SIZE	22	double	YES		
TIFLASH_TABLES	AVG_DELTA_DELETE_RANGES	23	double	YES		
TIFLASH_TABLES	STABLE_COUNT	24	bigint	YES		
TIFLASH_TABLES	TOTAL_STABLE_ROWS	25	bigint	YES		
TIFLASH_TABLES	TOTAL_STABLE_SIZE	26	bigint	YES		
TIFLASH_TABLES	TOTAL_STABLE_SIZE_ON_DISK	27	bigint	YES		
TIFLASH_TABLES	AVG_STABLE_ROWS	28	double	YES		
TIFLASH_TABLES	AVG_STABLE_SIZE	29	double	YES		
TIFLASH_TABLES	TOTAL_PACK_COUNT_IN_DELTA	30	bigint	YES		
TIFLASH_TABLES	MAX_PACK_COUNT_IN_DELTA	31	bigint	YES		
TIFLASH_TABLES	AVG_PACK_COUNT_IN_DELTA	32	double	YES		
TIFLASH_TABLES	AVG_PACK_ROWS_IN_DELTA	33	double	YES		
TIFLASH_TABLES	AVG_PACK_SIZE_IN_DELTA	34	double	YES		
TIFLASH_TABLES	TOTAL_PACK_COUNT_IN_STABLE	35	bigint	YES		
TIFLASH_TABLES	AVG_PACK_COUNT_IN_STABLE	36	double	YES		
TIFLASH_TABLES	AVG_PACK_ROWS_IN_STABLE	37	double	YES		
TIFLASH_TABLES	AVG_PACK_SIZE_IN_STABLE	38	double	YES		
TIFLASH_TABLES	STORAGE_STABLE_NUM_SNAPSHOTS	39	bigint	YES		
TIFLASH_TABLES	STORAGE_STABLE_OLDEST_SNAPSHOT_LIFETIME	40	double	YES		
TIFLASH_TABLES	STORAGE_STABLE_OLDEST_SNAPSHOT_THREAD_ID	41	bigint	YES		
TIFLASH_TABLES	STORAGE_STABLE_OLDEST_SNAPSHOT_TRACING_ID	42	varchar(128)	YES		
TIFLASH_TABLES	STORAGE_DELTA_NUM_SNAPSHOTS	43	bigint	YES		
TIFLASH_TABLES	STORAGE_DELTA_OLDEST_SNAPSHOT_LIFETIME	44	double	YES		
TIFLASH_TABLES	STORAGE_DELTA_OLDEST_SNAPSHOT_THREAD_ID	45	bigint	YES		
TIFLASH_TABLES	STORAGE_DELTA_OLDEST_SNAPSHOT_TRACING_ID	46	varchar(128)	YES		
TIFLASH_TABLES	STORAGE_META_NUM_SNAPSHOTS	47	bigint	YES		
TIFLASH_TABLES	STORAGE_META_OLDEST_SNAPSHOT_LIFETIME	48	double	YES		
TIFLASH_TABLES	STORAGE_META_OLDEST_SNAPSHOT_THREAD_ID	49	bigint	YES		
TIFLASH_TABLES	STORAGE_META_OLDEST_SNAPSHOT_TRACING_ID	50	varchar(128)	YES		
TIFLASH_TABLES	BACKGROUND_TASKS_LENGTH	51	bigint	YES		
TIFLASH_TABLES	TIFLASH_INSTANCE	52	varchar(64)	YES		
TIKV_REGION_PEERS	REGION_ID	1	bigint	YES		
TIKV_REGION_PEERS	PEER_ID	2	bigint	YES		
TIKV_REGION_PEERS	STORE_ID	3	bigint	YES		
TIKV_REGION_PEERS	IS_LEARNER	4	tinyint(1)	NO		
TIKV_REGION_PEERS	IS_LEADER	5	tinyint(1)	NO		
TIKV_REGION_PEERS	STATUS	6	varchar(10)	YES		
TIKV_REGION_PEERS	DOWN_SECONDS	7	bigint	YES		
TIKV_REGION_STATUS	REGION_ID	1	bigint	YES		
TIKV_REGION_STATUS	START_KEY	2	text	YES		
TIKV_REGION_STATUS	END_KEY	3	text	YES		
TIKV_REGION_STATUS	TABLE_ID	4	bigint	YES		
TIKV_REGION_STATUS	DB_NAME	5	varchar(64)	YES		
TIKV_REGION_STATUS	TABLE_NAME	6	varchar(64)	YES		
TIKV_REGION_STATUS	IS_INDEX	7	tinyint(1)	NO		
TIKV_REGION_STATUS	INDEX_ID	8	bigint	YES		
TIKV_REGION_STATUS	INDEX_NAME	9	varchar(64)	YES		
TIKV_REGION_STATUS	IS_PARTITION	10	tinyint(1)	NO		
TIKV_REGION_STATUS	PARTITION_ID	11	bigint	YES		
TIKV_REGION_STATUS	PARTITION_NAME	12	varchar(64)	YES		
TIKV_REGION_STATUS	EPOCH_CONF_VER	13	bigint	YES		
TIKV_REGION_STATUS	EPOCH_VERSION	14	bigint	YES		
TIKV_REGION_STATUS	WRITTEN_BYTES	15	bigint	YES		
TIKV_REGION_STATUS	READ_BYTES	16	bigint	YES		
TIKV_REGION_STATUS	APPROXIMATE_SIZE	17	bigint	YES		
TIKV_REGION_STATUS	APPROXIMATE_KEYS	18	bigint	YES		
TIKV_REGION_STATUS	REPLICATIONSTATUS_STATE	19	varchar(64)	YES		
TIKV_REGION_STATUS	REPLICATIONSTATUS_STATEID	20	bigint	YES		
TIKV_STORE_STATUS	STORE_ID	1	bigint	YES		
TIKV_STORE_STATUS	ADDRESS	2	varchar(64)	YES		
TIKV_STORE_STATUS	STORE_STATE	3	bigint	YES		
TIKV_STORE_STATUS	STORE_STATE_NAME	4	varchar(64)	YES		
TIKV_STORE_STATUS	LABEL	5	json	YES		
TIKV_STORE_STATUS	VERSION	6	varchar(64)	YES		
TIKV_STORE_STATUS	CAPACITY	7	varchar(64)	YES		
TIKV_STORE_STATUS	AVAILABLE	8	varchar(64)	YES		
TIKV_STORE_STATUS	LEADER_COUNT	9	bigint	YES		
TIKV_STORE_STATUS	LEADER_WEIGHT	10	double	YES		
TIKV_STORE_STATUS	LEADER_SCORE	11	double	YES		
TIKV_STORE_STATUS	LEADER_SIZE	12	bigint	YES		
TIKV_STORE_STATUS	REGION_COUNT	13	bigint	YES		
TIKV_STORE_STATUS	REGION_WEIGHT	14	double	YES		
TIKV_STORE_STATUS	REGION_SCORE	15	double	YES		
TIKV_STORE_STATUS	REGION_SIZE	16	bigint	YES		
TIKV_STORE_STATUS	START_TS	17	datetime	YES		
TIKV_STORE_STATUS	LAST_HEARTBEAT_TS	18	datetime	YES		
TIKV_STORE_STATUS	UPTIME	19	varchar(64)	YES		
TRIGGERS	TRIGGER_CATALOG	1	varchar(512)	YES		
TRIGGERS	TRIGGER_SCHEMA	2	varchar(64)	YES		
TRIGGERS	TRIGGER_NAME	3	varchar(64)	YES		
TRIGGERS	EVENT_MANIPULATION	4	varchar(6)	YES		
TRIGGERS	EVENT_OBJECT_CATALOG	5	varchar(512)	YES		
TRIGGERS	EVENT_OBJECT_SCHEMA	6	varchar(64)	YES		
TRIGGERS	EVENT_OBJECT_TABLE	7	varchar(64)	YES		
TRIGGERS	ACTION_ORDER	8	bigint	YES		
TRIGGERS	ACTION_CONDITION	9	text	YES		
TRIGGERS	ACTION_STATEMENT	10	text	YES		
TRIGGERS	ACTION_ORIENTATION	11	varchar(9)	YES		
TRIGGERS	ACTION_TIMING	12	varchar(6)	YES		
TRIGGERS	ACTION_REFERENCE_OLD_TABLE	13	varchar(64)	YES		
TRIGGERS	ACTION_REFERENCE_NEW_TABLE	14	varchar(64)	YES		
TRIGGERS	ACTION_REFERENCE_OLD_ROW	15	varchar(3)	YES		
TRIGGERS	ACTION_REFERENCE_NEW_ROW	16	varchar(3)	YES		
TRIGGERS	CREATED	17	datetime	YES		
TRIGGERS	SQL_MODE	18	varchar(8192)	YES		
TRIGGERS	DEFINER	19	varchar(77)	YES		
TRIGGERS	CHARACTER_SET_CLIENT	20	varchar(32)	YES		
TRIGGERS	COLLATION_CONNECTION	21	varchar(32)	YES		
TRIGGERS	DATABASE_COLLATION	22	varchar(32)	YES		
TRX_SUMMARY	DIGEST	1	varchar(16)	NO		
TRX_SUMMARY	ALL_SQL_DIGESTS	2	text	YES		
USER_ATTRIBUTES	USER	1	varchar(32)	NO		
USER_ATTRIBUTES	HOST	2	varchar(255)	NO		
USER_ATTRIBUTES	ATTRIBUTE	3	longtext	YES		
USER_PRIVILEGES	GRANTEE	1	varchar(81)	YES		
USER_PRIVILEGES	TABLE_CATALOG	2	varchar(512)	YES		
USER_PRIVILEGES	PRIVILEGE_TYPE	3	varchar(64)	YES		
USER_PRIVILEGES	IS_GRANTABLE	4	varchar(3)	YES		
VARIABLES_INFO	VARIABLE_NAME	1	varchar(64)	NO		
VARIABLES_INFO	VARIABLE_SCOPE	2	varchar(64)	NO		
VARIABLES_INFO	DEFAULT_VALUE	3	varchar(64)	NO		
VARIABLES_INFO	CURRENT_VALUE	4	varchar(64)	NO		
VARIABLES_INFO	MIN_VALUE	5	bigint	YES		
VARIABLES_INFO	MAX_VALUE	6	bigint unsigned	YES		
VARIABLES_INFO	POSSIBLE_VALUES	7	varchar(256)	YES		
VARIABLES_INFO	IS_NOOP	8	varchar(64)	NO		
VIEWS	TABLE_CATALOG	1	varchar(512)	NO		
VIEWS	TABLE_SCHEMA	2	varchar(64)	NO		
VIEWS	TABLE_NAME	3	varchar(64)	NO		
VIEWS	VIEW_DEFINITION	4	longtext	NO		
VIEWS	CHECK_OPTION	5	varchar(8)	NO		
VIEWS	IS_UPDATABLE	6	varchar(3)	NO		
VIEWS	DEFINER	7	varchar(77)	NO		
VIEWS	SECURITY_TYPE	8	varchar(7)	NO		
VIEWS	CHARACTER_SET_CLIENT	9	varchar(32)	NO		
VIEWS	COLLATION_CONNECTION	10	varchar(32)	NO		
